product_title,product_handle,variant,sku,price,product_total_units,variants_total,variants_at_zero,pct_variants_dead,admin_url
"Gift Card","gifted-product","Default Title",,0.00,0,1,1,100,"https://admin.shopify.com/store/30e7d3/products?query=gifted-product"
"Carbon Classic Tee","carbon-classic-tee","TURQUOISE / S","C111212481201",33.00,1,50,49,98,"https://admin.shopify.com/store/30e7d3/products?query=carbon-classic-tee"
"Carbon Classic Tee","carbon-classic-tee","TURQUOISE / M","C111212481202",33.00,1,50,49,98,"https://admin.shopify.com/store/30e7d3/products?query=carbon-classic-tee"
"Carbon Classic Tee","carbon-classic-tee","TURQUOISE / L","C111212481203",33.00,1,50,49,98,"https://admin.shopify.com/store/30e7d3/products?query=carbon-classic-tee"
"Carbon Classic Tee","carbon-classic-tee","TURQUOISE / XL","C111212481204",33.00,1,50,49,98,"https://admin.shopify.com/store/30e7d3/products?query=carbon-classic-tee"
"Carbon Classic Tee","carbon-classic-tee","WHITE / S","C111212481101",33.00,1,50,49,98,"https://admin.shopify.com/store/30e7d3/products?query=carbon-classic-tee"
"Carbon Classic Tee","carbon-classic-tee","WHITE / M","C111212481102",33.00,1,50,49,98,"https://admin.shopify.com/store/30e7d3/products?query=carbon-classic-tee"
"Carbon Classic Tee","carbon-classic-tee","WHITE / L","C111212481103",33.00,1,50,49,98,"https://admin.shopify.com/store/30e7d3/products?query=carbon-classic-tee"
"Carbon Classic Tee","carbon-classic-tee","WHITE / XL","C111212481104",33.00,1,50,49,98,"https://admin.shopify.com/store/30e7d3/products?query=carbon-classic-tee"
"Carbon Classic Tee","carbon-classic-tee","WHITE / XXL","C111212481105",33.00,1,50,49,98,"https://admin.shopify.com/store/30e7d3/products?query=carbon-classic-tee"
"Carbon Classic Tee","carbon-classic-tee","MELANGE / S","C111212484101",33.00,1,50,49,98,"https://admin.shopify.com/store/30e7d3/products?query=carbon-classic-tee"
"Carbon Classic Tee","carbon-classic-tee","MELANGE / M","C111212484102",33.00,1,50,49,98,"https://admin.shopify.com/store/30e7d3/products?query=carbon-classic-tee"
"Carbon Classic Tee","carbon-classic-tee","MELANGE / L","C111212484103",33.00,1,50,49,98,"https://admin.shopify.com/store/30e7d3/products?query=carbon-classic-tee"
"Carbon Classic Tee","carbon-classic-tee","MELANGE / XL","C111212484104",33.00,1,50,49,98,"https://admin.shopify.com/store/30e7d3/products?query=carbon-classic-tee"
"Carbon Classic Tee","carbon-classic-tee","MELANGE / XXL","C111212484105",33.00,1,50,49,98,"https://admin.shopify.com/store/30e7d3/products?query=carbon-classic-tee"
"Carbon Classic Tee","carbon-classic-tee","BRONZE / S","C111212485601",33.00,1,50,49,98,"https://admin.shopify.com/store/30e7d3/products?query=carbon-classic-tee"
"Carbon Classic Tee","carbon-classic-tee","BRONZE / M","C111212485602",33.00,1,50,49,98,"https://admin.shopify.com/store/30e7d3/products?query=carbon-classic-tee"
"Carbon Classic Tee","carbon-classic-tee","BRONZE / L","C111212485603",33.00,1,50,49,98,"https://admin.shopify.com/store/30e7d3/products?query=carbon-classic-tee"
"Carbon Classic Tee","carbon-classic-tee","BRONZE / XL","C111212485604",33.00,1,50,49,98,"https://admin.shopify.com/store/30e7d3/products?query=carbon-classic-tee"
"Carbon Classic Tee","carbon-classic-tee","BRONZE / XXL","C111212485605",33.00,1,50,49,98,"https://admin.shopify.com/store/30e7d3/products?query=carbon-classic-tee"
"Carbon Classic Tee","carbon-classic-tee","NUDE / S","C11121248A801",33.00,1,50,49,98,"https://admin.shopify.com/store/30e7d3/products?query=carbon-classic-tee"
"Carbon Classic Tee","carbon-classic-tee","NUDE / M","C11121248A802",33.00,1,50,49,98,"https://admin.shopify.com/store/30e7d3/products?query=carbon-classic-tee"
"Carbon Classic Tee","carbon-classic-tee","NUDE / L","C11121248A803",33.00,1,50,49,98,"https://admin.shopify.com/store/30e7d3/products?query=carbon-classic-tee"
"Carbon Classic Tee","carbon-classic-tee","NUDE / XL","C11121248A804",33.00,1,50,49,98,"https://admin.shopify.com/store/30e7d3/products?query=carbon-classic-tee"
"Carbon Classic Tee","carbon-classic-tee","NUDE / XXL","C11121248A805",33.00,1,50,49,98,"https://admin.shopify.com/store/30e7d3/products?query=carbon-classic-tee"
"Carbon Classic Tee","carbon-classic-tee","PINK / S","C111212480801",33.00,1,50,49,98,"https://admin.shopify.com/store/30e7d3/products?query=carbon-classic-tee"
"Carbon Classic Tee","carbon-classic-tee","PINK / M","C111212480802",33.00,1,50,49,98,"https://admin.shopify.com/store/30e7d3/products?query=carbon-classic-tee"
"Carbon Classic Tee","carbon-classic-tee","PINK / L","C111212480803",33.00,1,50,49,98,"https://admin.shopify.com/store/30e7d3/products?query=carbon-classic-tee"
"Carbon Classic Tee","carbon-classic-tee","PINK / XL","C111212480804",33.00,1,50,49,98,"https://admin.shopify.com/store/30e7d3/products?query=carbon-classic-tee"
"Carbon Classic Tee","carbon-classic-tee","PINK / XXL","C111212480805",33.00,1,50,49,98,"https://admin.shopify.com/store/30e7d3/products?query=carbon-classic-tee"
"Carbon Classic Tee","carbon-classic-tee","BURGUNDY / S","C11121248B801",33.00,1,50,49,98,"https://admin.shopify.com/store/30e7d3/products?query=carbon-classic-tee"
"Carbon Classic Tee","carbon-classic-tee","BURGUNDY / M","C11121248B802",33.00,1,50,49,98,"https://admin.shopify.com/store/30e7d3/products?query=carbon-classic-tee"
"Carbon Classic Tee","carbon-classic-tee","BURGUNDY / L","C11121248B803",33.00,1,50,49,98,"https://admin.shopify.com/store/30e7d3/products?query=carbon-classic-tee"
"Carbon Classic Tee","carbon-classic-tee","BURGUNDY / XL","C11121248B804",33.00,1,50,49,98,"https://admin.shopify.com/store/30e7d3/products?query=carbon-classic-tee"
"Carbon Classic Tee","carbon-classic-tee","BURGUNDY / XXL","C11121248B805",33.00,1,50,49,98,"https://admin.shopify.com/store/30e7d3/products?query=carbon-classic-tee"
"Carbon Classic Tee","carbon-classic-tee","OLIVE / S","C111212484001",33.00,1,50,49,98,"https://admin.shopify.com/store/30e7d3/products?query=carbon-classic-tee"
"Carbon Classic Tee","carbon-classic-tee","OLIVE / M","C111212484002",33.00,1,50,49,98,"https://admin.shopify.com/store/30e7d3/products?query=carbon-classic-tee"
"Carbon Classic Tee","carbon-classic-tee","OLIVE / L","C111212484003",33.00,1,50,49,98,"https://admin.shopify.com/store/30e7d3/products?query=carbon-classic-tee"
"Carbon Classic Tee","carbon-classic-tee","OLIVE / XL","C111212484004",33.00,1,50,49,98,"https://admin.shopify.com/store/30e7d3/products?query=carbon-classic-tee"
"Carbon Classic Tee","carbon-classic-tee","OLIVE / XXL","C111212484005",33.00,1,50,49,98,"https://admin.shopify.com/store/30e7d3/products?query=carbon-classic-tee"
"Carbon Classic Tee","carbon-classic-tee","BLACK / S","C111212480701",33.00,1,50,49,98,"https://admin.shopify.com/store/30e7d3/products?query=carbon-classic-tee"
"Carbon Classic Tee","carbon-classic-tee","BLACK / M","C111212480702",33.00,1,50,49,98,"https://admin.shopify.com/store/30e7d3/products?query=carbon-classic-tee"
"Carbon Classic Tee","carbon-classic-tee","BLACK / L","C111212480703",33.00,1,50,49,98,"https://admin.shopify.com/store/30e7d3/products?query=carbon-classic-tee"
"Carbon Classic Tee","carbon-classic-tee","BLACK / XL","C111212480704",33.00,1,50,49,98,"https://admin.shopify.com/store/30e7d3/products?query=carbon-classic-tee"
"Carbon Classic Tee","carbon-classic-tee","BLACK / XXL","C111212480705",33.00,1,50,49,98,"https://admin.shopify.com/store/30e7d3/products?query=carbon-classic-tee"
"Carbon Classic Tee","carbon-classic-tee","STONE / S","C111212484801",33.00,1,50,49,98,"https://admin.shopify.com/store/30e7d3/products?query=carbon-classic-tee"
"Carbon Classic Tee","carbon-classic-tee","STONE / M","C111212484802",33.00,1,50,49,98,"https://admin.shopify.com/store/30e7d3/products?query=carbon-classic-tee"
"Carbon Classic Tee","carbon-classic-tee","STONE / L","C111212484803",33.00,1,50,49,98,"https://admin.shopify.com/store/30e7d3/products?query=carbon-classic-tee"
"Carbon Classic Tee","carbon-classic-tee","STONE / XL","C111212484804",33.00,1,50,49,98,"https://admin.shopify.com/store/30e7d3/products?query=carbon-classic-tee"
"Carbon Classic Tee","carbon-classic-tee","STONE / XXL","C111212484805",33.00,1,50,49,98,"https://admin.shopify.com/store/30e7d3/products?query=carbon-classic-tee"
"Classic Industry T-Shirt","classic-industry-t-shirt","WHITE / S","C111214231101",41.00,6,15,14,93,"https://admin.shopify.com/store/30e7d3/products?query=classic-industry-t-shirt"
"Classic Industry T-Shirt","classic-industry-t-shirt","WHITE / M","C111214231102",41.00,6,15,14,93,"https://admin.shopify.com/store/30e7d3/products?query=classic-industry-t-shirt"
"Classic Industry T-Shirt","classic-industry-t-shirt","WHITE / L","C111214231103",41.00,6,15,14,93,"https://admin.shopify.com/store/30e7d3/products?query=classic-industry-t-shirt"
"Classic Industry T-Shirt","classic-industry-t-shirt","WHITE / XL","C111214231104",41.00,6,15,14,93,"https://admin.shopify.com/store/30e7d3/products?query=classic-industry-t-shirt"
"Classic Industry T-Shirt","classic-industry-t-shirt","RED / S","C111214230101",41.00,6,15,14,93,"https://admin.shopify.com/store/30e7d3/products?query=classic-industry-t-shirt"
"Classic Industry T-Shirt","classic-industry-t-shirt","RED / M","C111214230102",41.00,6,15,14,93,"https://admin.shopify.com/store/30e7d3/products?query=classic-industry-t-shirt"
"Classic Industry T-Shirt","classic-industry-t-shirt","RED / L","C111214230103",41.00,6,15,14,93,"https://admin.shopify.com/store/30e7d3/products?query=classic-industry-t-shirt"
"Classic Industry T-Shirt","classic-industry-t-shirt","RED / XL","C111214230104",41.00,6,15,14,93,"https://admin.shopify.com/store/30e7d3/products?query=classic-industry-t-shirt"
"Classic Industry T-Shirt","classic-industry-t-shirt","RED / XXL","C111214230105",41.00,6,15,14,93,"https://admin.shopify.com/store/30e7d3/products?query=classic-industry-t-shirt"
"Classic Industry T-Shirt","classic-industry-t-shirt","BLACK / S","C111214230701",41.00,6,15,14,93,"https://admin.shopify.com/store/30e7d3/products?query=classic-industry-t-shirt"
"Classic Industry T-Shirt","classic-industry-t-shirt","BLACK / M","C111214230702",41.00,6,15,14,93,"https://admin.shopify.com/store/30e7d3/products?query=classic-industry-t-shirt"
"Classic Industry T-Shirt","classic-industry-t-shirt","BLACK / L","C111214230703",41.00,6,15,14,93,"https://admin.shopify.com/store/30e7d3/products?query=classic-industry-t-shirt"
"Classic Industry T-Shirt","classic-industry-t-shirt","BLACK / XL","C111214230704",41.00,6,15,14,93,"https://admin.shopify.com/store/30e7d3/products?query=classic-industry-t-shirt"
"Classic Industry T-Shirt","classic-industry-t-shirt","BLACK / XXL","C111214230705",41.00,6,15,14,93,"https://admin.shopify.com/store/30e7d3/products?query=classic-industry-t-shirt"
"Fill In The Blank T-Shirt","fill-in-the-blank-t-shirt","WHITE / S","C111214251101",41.00,10,15,14,93,"https://admin.shopify.com/store/30e7d3/products?query=fill-in-the-blank-t-shirt"
"Fill In The Blank T-Shirt","fill-in-the-blank-t-shirt","WHITE / M","C111214251102",41.00,10,15,14,93,"https://admin.shopify.com/store/30e7d3/products?query=fill-in-the-blank-t-shirt"
"Fill In The Blank T-Shirt","fill-in-the-blank-t-shirt","WHITE / L","C111214251103",41.00,10,15,14,93,"https://admin.shopify.com/store/30e7d3/products?query=fill-in-the-blank-t-shirt"
"Fill In The Blank T-Shirt","fill-in-the-blank-t-shirt","WHITE / XL","C111214251104",41.00,10,15,14,93,"https://admin.shopify.com/store/30e7d3/products?query=fill-in-the-blank-t-shirt"
"Fill In The Blank T-Shirt","fill-in-the-blank-t-shirt","BLACK / S","C111214250701",41.00,10,15,14,93,"https://admin.shopify.com/store/30e7d3/products?query=fill-in-the-blank-t-shirt"
"Fill In The Blank T-Shirt","fill-in-the-blank-t-shirt","BLACK / M","C111214250702",41.00,10,15,14,93,"https://admin.shopify.com/store/30e7d3/products?query=fill-in-the-blank-t-shirt"
"Fill In The Blank T-Shirt","fill-in-the-blank-t-shirt","BLACK / L","C111214250703",41.00,10,15,14,93,"https://admin.shopify.com/store/30e7d3/products?query=fill-in-the-blank-t-shirt"
"Fill In The Blank T-Shirt","fill-in-the-blank-t-shirt","BLACK / XL","C111214250704",41.00,10,15,14,93,"https://admin.shopify.com/store/30e7d3/products?query=fill-in-the-blank-t-shirt"
"Fill In The Blank T-Shirt","fill-in-the-blank-t-shirt","BLACK / XXL","C111214250705",41.00,10,15,14,93,"https://admin.shopify.com/store/30e7d3/products?query=fill-in-the-blank-t-shirt"
"Fill In The Blank T-Shirt","fill-in-the-blank-t-shirt","BLUE / S","C111214250201",41.00,10,15,14,93,"https://admin.shopify.com/store/30e7d3/products?query=fill-in-the-blank-t-shirt"
"Fill In The Blank T-Shirt","fill-in-the-blank-t-shirt","BLUE / M","C111214250202",41.00,10,15,14,93,"https://admin.shopify.com/store/30e7d3/products?query=fill-in-the-blank-t-shirt"
"Fill In The Blank T-Shirt","fill-in-the-blank-t-shirt","BLUE / L","C111214250203",41.00,10,15,14,93,"https://admin.shopify.com/store/30e7d3/products?query=fill-in-the-blank-t-shirt"
"Fill In The Blank T-Shirt","fill-in-the-blank-t-shirt","BLUE / XL","C111214250204",41.00,10,15,14,93,"https://admin.shopify.com/store/30e7d3/products?query=fill-in-the-blank-t-shirt"
"Fill In The Blank T-Shirt","fill-in-the-blank-t-shirt","BLUE / XXL","C111214250205",41.00,10,15,14,93,"https://admin.shopify.com/store/30e7d3/products?query=fill-in-the-blank-t-shirt"
"My Rules T-Shirt","my-rules-t-shirt","WHITE / S","C111214291101",41.00,2,15,14,93,"https://admin.shopify.com/store/30e7d3/products?query=my-rules-t-shirt"
"My Rules T-Shirt","my-rules-t-shirt","WHITE / M","C111214291102",41.00,2,15,14,93,"https://admin.shopify.com/store/30e7d3/products?query=my-rules-t-shirt"
"My Rules T-Shirt","my-rules-t-shirt","WHITE / L","C111214291103",41.00,2,15,14,93,"https://admin.shopify.com/store/30e7d3/products?query=my-rules-t-shirt"
"My Rules T-Shirt","my-rules-t-shirt","WHITE / XL","C111214291104",41.00,2,15,14,93,"https://admin.shopify.com/store/30e7d3/products?query=my-rules-t-shirt"
"My Rules T-Shirt","my-rules-t-shirt","BLACK / S","C111214290701",41.00,2,15,14,93,"https://admin.shopify.com/store/30e7d3/products?query=my-rules-t-shirt"
"My Rules T-Shirt","my-rules-t-shirt","BLACK / M","C111214290702",41.00,2,15,14,93,"https://admin.shopify.com/store/30e7d3/products?query=my-rules-t-shirt"
"My Rules T-Shirt","my-rules-t-shirt","BLACK / L","C111214290703",41.00,2,15,14,93,"https://admin.shopify.com/store/30e7d3/products?query=my-rules-t-shirt"
"My Rules T-Shirt","my-rules-t-shirt","BLACK / XL","C111214290704",41.00,2,15,14,93,"https://admin.shopify.com/store/30e7d3/products?query=my-rules-t-shirt"
"My Rules T-Shirt","my-rules-t-shirt","BLACK / XXL","C111214290705",41.00,2,15,14,93,"https://admin.shopify.com/store/30e7d3/products?query=my-rules-t-shirt"
"My Rules T-Shirt","my-rules-t-shirt","MUSTARD / S","C111214293201",41.00,2,15,14,93,"https://admin.shopify.com/store/30e7d3/products?query=my-rules-t-shirt"
"My Rules T-Shirt","my-rules-t-shirt","MUSTARD / M","C111214293202",41.00,2,15,14,93,"https://admin.shopify.com/store/30e7d3/products?query=my-rules-t-shirt"
"My Rules T-Shirt","my-rules-t-shirt","MUSTARD / L","C111214293203",41.00,2,15,14,93,"https://admin.shopify.com/store/30e7d3/products?query=my-rules-t-shirt"
"My Rules T-Shirt","my-rules-t-shirt","MUSTARD / XL","C111214293204",41.00,2,15,14,93,"https://admin.shopify.com/store/30e7d3/products?query=my-rules-t-shirt"
"My Rules T-Shirt","my-rules-t-shirt","MUSTARD / XXL","C111214293205",41.00,2,15,14,93,"https://admin.shopify.com/store/30e7d3/products?query=my-rules-t-shirt"
"Faith In Yourself T-Shirt","faith-in-yourself-t-shirt","WHITE / S","C111214111101",42.00,1,10,9,90,"https://admin.shopify.com/store/30e7d3/products?query=faith-in-yourself-t-shirt"
"Faith In Yourself T-Shirt","faith-in-yourself-t-shirt","WHITE / M","C111214111102",42.00,1,10,9,90,"https://admin.shopify.com/store/30e7d3/products?query=faith-in-yourself-t-shirt"
"Faith In Yourself T-Shirt","faith-in-yourself-t-shirt","WHITE / L","C111214111103",42.00,1,10,9,90,"https://admin.shopify.com/store/30e7d3/products?query=faith-in-yourself-t-shirt"
"Faith In Yourself T-Shirt","faith-in-yourself-t-shirt","WHITE / XL","C111214111104",42.00,1,10,9,90,"https://admin.shopify.com/store/30e7d3/products?query=faith-in-yourself-t-shirt"
"Faith In Yourself T-Shirt","faith-in-yourself-t-shirt","BLACK / S","C111214110701",42.00,1,10,9,90,"https://admin.shopify.com/store/30e7d3/products?query=faith-in-yourself-t-shirt"
"Faith In Yourself T-Shirt","faith-in-yourself-t-shirt","BLACK / M","C111214110702",42.00,1,10,9,90,"https://admin.shopify.com/store/30e7d3/products?query=faith-in-yourself-t-shirt"
"Faith In Yourself T-Shirt","faith-in-yourself-t-shirt","BLACK / L","C111214110703",42.00,1,10,9,90,"https://admin.shopify.com/store/30e7d3/products?query=faith-in-yourself-t-shirt"
"Faith In Yourself T-Shirt","faith-in-yourself-t-shirt","BLACK / XL","C111214110704",42.00,1,10,9,90,"https://admin.shopify.com/store/30e7d3/products?query=faith-in-yourself-t-shirt"
"Faith In Yourself T-Shirt","faith-in-yourself-t-shirt","BLACK / XXL","C111214110705",42.00,1,10,9,90,"https://admin.shopify.com/store/30e7d3/products?query=faith-in-yourself-t-shirt"
"Make It Happen T-Shirt","make-it-happen-t-shirt","LILAC / S","C11121403B301",44.00,1,10,9,90,"https://admin.shopify.com/store/30e7d3/products?query=make-it-happen-t-shirt"
"Make It Happen T-Shirt","make-it-happen-t-shirt","LILAC / L","C11121403B303",44.00,1,10,9,90,"https://admin.shopify.com/store/30e7d3/products?query=make-it-happen-t-shirt"
"Make It Happen T-Shirt","make-it-happen-t-shirt","LILAC / XL","C11121403B304",44.00,1,10,9,90,"https://admin.shopify.com/store/30e7d3/products?query=make-it-happen-t-shirt"
"Make It Happen T-Shirt","make-it-happen-t-shirt","LILAC / XXL","C11121403B305",44.00,1,10,9,90,"https://admin.shopify.com/store/30e7d3/products?query=make-it-happen-t-shirt"
"Make It Happen T-Shirt","make-it-happen-t-shirt","BLACK / S","C111214030701",44.00,1,10,9,90,"https://admin.shopify.com/store/30e7d3/products?query=make-it-happen-t-shirt"
"Make It Happen T-Shirt","make-it-happen-t-shirt","BLACK / M","C111214030702",44.00,1,10,9,90,"https://admin.shopify.com/store/30e7d3/products?query=make-it-happen-t-shirt"
"Make It Happen T-Shirt","make-it-happen-t-shirt","BLACK / L","C111214030703",44.00,1,10,9,90,"https://admin.shopify.com/store/30e7d3/products?query=make-it-happen-t-shirt"
"Make It Happen T-Shirt","make-it-happen-t-shirt","BLACK / XL","C111214030704",44.00,1,10,9,90,"https://admin.shopify.com/store/30e7d3/products?query=make-it-happen-t-shirt"
"Make It Happen T-Shirt","make-it-happen-t-shirt","BLACK / XXL","C111214030705",44.00,1,10,9,90,"https://admin.shopify.com/store/30e7d3/products?query=make-it-happen-t-shirt"
"Simplify T-Shirt","simplify-t-shirt","BEIGE / S","112546235S",66.00,4,8,7,88,"https://admin.shopify.com/store/30e7d3/products?query=simplify-t-shirt"
"Simplify T-Shirt","simplify-t-shirt","BEIGE / M","112546235M",66.00,4,8,7,88,"https://admin.shopify.com/store/30e7d3/products?query=simplify-t-shirt"
"Simplify T-Shirt","simplify-t-shirt","BEIGE / XL","112546235XL",66.00,4,8,7,88,"https://admin.shopify.com/store/30e7d3/products?query=simplify-t-shirt"
"Simplify T-Shirt","simplify-t-shirt","GREY / S","112546204S",66.00,4,8,7,88,"https://admin.shopify.com/store/30e7d3/products?query=simplify-t-shirt"
"Simplify T-Shirt","simplify-t-shirt","GREY / M","112546204M",66.00,4,8,7,88,"https://admin.shopify.com/store/30e7d3/products?query=simplify-t-shirt"
"Simplify T-Shirt","simplify-t-shirt","GREY / L","112546204L",66.00,4,8,7,88,"https://admin.shopify.com/store/30e7d3/products?query=simplify-t-shirt"
"Simplify T-Shirt","simplify-t-shirt","GREY / XL","112546204XL",66.00,4,8,7,88,"https://admin.shopify.com/store/30e7d3/products?query=simplify-t-shirt"
"Carbon Driven T-Shirt","carbon-driven-t-shirt","LILAC / S","C11121401B301",46.00,2,15,13,87,"https://admin.shopify.com/store/30e7d3/products?query=carbon-driven-t-shirt"
"Carbon Driven T-Shirt","carbon-driven-t-shirt","LILAC / M","C11121401B302",46.00,2,15,13,87,"https://admin.shopify.com/store/30e7d3/products?query=carbon-driven-t-shirt"
"Carbon Driven T-Shirt","carbon-driven-t-shirt","LILAC / L","C11121401B303",46.00,2,15,13,87,"https://admin.shopify.com/store/30e7d3/products?query=carbon-driven-t-shirt"
"Carbon Driven T-Shirt","carbon-driven-t-shirt","LILAC / XL","C11121401B304",46.00,2,15,13,87,"https://admin.shopify.com/store/30e7d3/products?query=carbon-driven-t-shirt"
"Carbon Driven T-Shirt","carbon-driven-t-shirt","WHITE / S","C111214011101",46.00,2,15,13,87,"https://admin.shopify.com/store/30e7d3/products?query=carbon-driven-t-shirt"
"Carbon Driven T-Shirt","carbon-driven-t-shirt","WHITE / M","C111214011102",46.00,2,15,13,87,"https://admin.shopify.com/store/30e7d3/products?query=carbon-driven-t-shirt"
"Carbon Driven T-Shirt","carbon-driven-t-shirt","WHITE / L","C111214011103",46.00,2,15,13,87,"https://admin.shopify.com/store/30e7d3/products?query=carbon-driven-t-shirt"
"Carbon Driven T-Shirt","carbon-driven-t-shirt","WHITE / XXL","C111214011105",46.00,2,15,13,87,"https://admin.shopify.com/store/30e7d3/products?query=carbon-driven-t-shirt"
"Carbon Driven T-Shirt","carbon-driven-t-shirt","BLACK / S","C111214010701",46.00,2,15,13,87,"https://admin.shopify.com/store/30e7d3/products?query=carbon-driven-t-shirt"
"Carbon Driven T-Shirt","carbon-driven-t-shirt","BLACK / M","C111214010702",46.00,2,15,13,87,"https://admin.shopify.com/store/30e7d3/products?query=carbon-driven-t-shirt"
"Carbon Driven T-Shirt","carbon-driven-t-shirt","BLACK / L","C111214010703",46.00,2,15,13,87,"https://admin.shopify.com/store/30e7d3/products?query=carbon-driven-t-shirt"
"Carbon Driven T-Shirt","carbon-driven-t-shirt","BLACK / XL","C111214010704",46.00,2,15,13,87,"https://admin.shopify.com/store/30e7d3/products?query=carbon-driven-t-shirt"
"Carbon Driven T-Shirt","carbon-driven-t-shirt","BLACK / XXL","C111214010705",46.00,2,15,13,87,"https://admin.shopify.com/store/30e7d3/products?query=carbon-driven-t-shirt"
"Creed Jeans","creed-jeans","BLUE / 29","C111110090229",95.00,1,7,6,86,"https://admin.shopify.com/store/30e7d3/products?query=creed-jeans"
"Creed Jeans","creed-jeans","BLUE / 30","C111110090230",95.00,1,7,6,86,"https://admin.shopify.com/store/30e7d3/products?query=creed-jeans"
"Creed Jeans","creed-jeans","BLUE / 32","C111110090232",95.00,1,7,6,86,"https://admin.shopify.com/store/30e7d3/products?query=creed-jeans"
"Creed Jeans","creed-jeans","BLUE / 33","C111110090233",95.00,1,7,6,86,"https://admin.shopify.com/store/30e7d3/products?query=creed-jeans"
"Creed Jeans","creed-jeans","BLUE / 34","C111110090234",95.00,1,7,6,86,"https://admin.shopify.com/store/30e7d3/products?query=creed-jeans"
"Creed Jeans","creed-jeans","BLUE / 36","C111110090236",95.00,1,7,6,86,"https://admin.shopify.com/store/30e7d3/products?query=creed-jeans"
"Lewis Jeans","lewis-jeans","GREY WASHED / 30","1124073C430",104.00,1,7,6,86,"https://admin.shopify.com/store/30e7d3/products?query=lewis-jeans"
"Lewis Jeans","lewis-jeans","GREY WASHED / 31","1124073C431",104.00,1,7,6,86,"https://admin.shopify.com/store/30e7d3/products?query=lewis-jeans"
"Lewis Jeans","lewis-jeans","GREY WASHED / 33","1124073C433",104.00,1,7,6,86,"https://admin.shopify.com/store/30e7d3/products?query=lewis-jeans"
"Lewis Jeans","lewis-jeans","GREY WASHED / 34","1124073C434",104.00,1,7,6,86,"https://admin.shopify.com/store/30e7d3/products?query=lewis-jeans"
"Lewis Jeans","lewis-jeans","GREY WASHED / 36","1124073C436",104.00,1,7,6,86,"https://admin.shopify.com/store/30e7d3/products?query=lewis-jeans"
"Lewis Jeans","lewis-jeans","GREY WASHED / 38","1124073C438",104.00,1,7,6,86,"https://admin.shopify.com/store/30e7d3/products?query=lewis-jeans"
"Simon Jeans","simon-jeans","GREY WASHED / 30","1222070C430",98.00,7,7,6,86,"https://admin.shopify.com/store/30e7d3/products?query=simon-jeans"
"Simon Jeans","simon-jeans","GREY WASHED / 32","1222070C432",98.00,7,7,6,86,"https://admin.shopify.com/store/30e7d3/products?query=simon-jeans"
"Simon Jeans","simon-jeans","GREY WASHED / 33","1222070C433",98.00,7,7,6,86,"https://admin.shopify.com/store/30e7d3/products?query=simon-jeans"
"Simon Jeans","simon-jeans","GREY WASHED / 34","1222070C434",98.00,7,7,6,86,"https://admin.shopify.com/store/30e7d3/products?query=simon-jeans"
"Simon Jeans","simon-jeans","GREY WASHED / 36","1222070C436",98.00,7,7,6,86,"https://admin.shopify.com/store/30e7d3/products?query=simon-jeans"
"Simon Jeans","simon-jeans","GREY WASHED / 38","1222070C438",98.00,7,7,6,86,"https://admin.shopify.com/store/30e7d3/products?query=simon-jeans"
"Amira Bodysuit","amira-bodysuit","BEIGE / S","C125117173501",42.00,1,6,5,83,"https://admin.shopify.com/store/30e7d3/products?query=amira-bodysuit"
"Amira Bodysuit","amira-bodysuit","BEIGE / M","C125117173502",42.00,1,6,5,83,"https://admin.shopify.com/store/30e7d3/products?query=amira-bodysuit"
"Amira Bodysuit","amira-bodysuit","BLACK / S","C125117170701",42.00,1,6,5,83,"https://admin.shopify.com/store/30e7d3/products?query=amira-bodysuit"
"Amira Bodysuit","amira-bodysuit","BLACK / M","C125117170702",42.00,1,6,5,83,"https://admin.shopify.com/store/30e7d3/products?query=amira-bodysuit"
"Amira Bodysuit","amira-bodysuit","BLACK / L","C125117170703",42.00,1,6,5,83,"https://admin.shopify.com/store/30e7d3/products?query=amira-bodysuit"
"City View T-Shirt","city-view-t-shirt","WHITE / S","C111214191101",39.00,4,15,12,80,"https://admin.shopify.com/store/30e7d3/products?query=city-view-t-shirt"
"City View T-Shirt","city-view-t-shirt","WHITE / M","C111214191102",39.00,4,15,12,80,"https://admin.shopify.com/store/30e7d3/products?query=city-view-t-shirt"
"City View T-Shirt","city-view-t-shirt","WHITE / L","C111214191103",39.00,4,15,12,80,"https://admin.shopify.com/store/30e7d3/products?query=city-view-t-shirt"
"City View T-Shirt","city-view-t-shirt","MINK / S","C11121419B401",39.00,4,15,12,80,"https://admin.shopify.com/store/30e7d3/products?query=city-view-t-shirt"
"City View T-Shirt","city-view-t-shirt","MINK / M","C11121419B402",39.00,4,15,12,80,"https://admin.shopify.com/store/30e7d3/products?query=city-view-t-shirt"
"City View T-Shirt","city-view-t-shirt","MINK / L","C11121419B403",39.00,4,15,12,80,"https://admin.shopify.com/store/30e7d3/products?query=city-view-t-shirt"
"City View T-Shirt","city-view-t-shirt","MINK / XL","C11121419B404",39.00,4,15,12,80,"https://admin.shopify.com/store/30e7d3/products?query=city-view-t-shirt"
"City View T-Shirt","city-view-t-shirt","BLACK / S","C111214190701",39.00,4,15,12,80,"https://admin.shopify.com/store/30e7d3/products?query=city-view-t-shirt"
"City View T-Shirt","city-view-t-shirt","BLACK / M","C111214190702",39.00,4,15,12,80,"https://admin.shopify.com/store/30e7d3/products?query=city-view-t-shirt"
"City View T-Shirt","city-view-t-shirt","BLACK / L","C111214190703",39.00,4,15,12,80,"https://admin.shopify.com/store/30e7d3/products?query=city-view-t-shirt"
"City View T-Shirt","city-view-t-shirt","BLACK / XL","C111214190704",39.00,4,15,12,80,"https://admin.shopify.com/store/30e7d3/products?query=city-view-t-shirt"
"City View T-Shirt","city-view-t-shirt","BLACK / XXL","C111214190705",39.00,4,15,12,80,"https://admin.shopify.com/store/30e7d3/products?query=city-view-t-shirt"
"Different T-Shirt","different-t-shirt","MINK / S","C11121414B401",42.00,21,15,12,80,"https://admin.shopify.com/store/30e7d3/products?query=different-t-shirt"
"Different T-Shirt","different-t-shirt","MINK / M","C11121414B402",42.00,21,15,12,80,"https://admin.shopify.com/store/30e7d3/products?query=different-t-shirt"
"Different T-Shirt","different-t-shirt","MINK / XXL","C11121414B405",42.00,21,15,12,80,"https://admin.shopify.com/store/30e7d3/products?query=different-t-shirt"
"Different T-Shirt","different-t-shirt","WHITE / S","C111214141101",42.00,21,15,12,80,"https://admin.shopify.com/store/30e7d3/products?query=different-t-shirt"
"Different T-Shirt","different-t-shirt","WHITE / M","C111214141102",42.00,21,15,12,80,"https://admin.shopify.com/store/30e7d3/products?query=different-t-shirt"
"Different T-Shirt","different-t-shirt","WHITE / L","C111214141103",42.00,21,15,12,80,"https://admin.shopify.com/store/30e7d3/products?query=different-t-shirt"
"Different T-Shirt","different-t-shirt","WHITE / XXL","C111214141105",42.00,21,15,12,80,"https://admin.shopify.com/store/30e7d3/products?query=different-t-shirt"
"Different T-Shirt","different-t-shirt","BLACK / S","C111214140701",42.00,21,15,12,80,"https://admin.shopify.com/store/30e7d3/products?query=different-t-shirt"
"Different T-Shirt","different-t-shirt","BLACK / M","C111214140702",42.00,21,15,12,80,"https://admin.shopify.com/store/30e7d3/products?query=different-t-shirt"
"Different T-Shirt","different-t-shirt","BLACK / L","C111214140703",42.00,21,15,12,80,"https://admin.shopify.com/store/30e7d3/products?query=different-t-shirt"
"Different T-Shirt","different-t-shirt","BLACK / XL","C111214140704",42.00,21,15,12,80,"https://admin.shopify.com/store/30e7d3/products?query=different-t-shirt"
"Different T-Shirt","different-t-shirt","BLACK / XXL","C111214140705",42.00,21,15,12,80,"https://admin.shopify.com/store/30e7d3/products?query=different-t-shirt"
"Heal The World T-Shirt","heal-the-world-t-shirt","LILAC / S","C11121407B301",40.00,15,15,12,80,"https://admin.shopify.com/store/30e7d3/products?query=heal-the-world-t-shirt"
"Heal The World T-Shirt","heal-the-world-t-shirt","LILAC / M","C11121407B302",40.00,15,15,12,80,"https://admin.shopify.com/store/30e7d3/products?query=heal-the-world-t-shirt"
"Heal The World T-Shirt","heal-the-world-t-shirt","BLACK / S","C111214070701",40.00,15,15,12,80,"https://admin.shopify.com/store/30e7d3/products?query=heal-the-world-t-shirt"
"Heal The World T-Shirt","heal-the-world-t-shirt","BLACK / M","C111214070702",40.00,15,15,12,80,"https://admin.shopify.com/store/30e7d3/products?query=heal-the-world-t-shirt"
"Heal The World T-Shirt","heal-the-world-t-shirt","BLACK / L","C111214070703",40.00,15,15,12,80,"https://admin.shopify.com/store/30e7d3/products?query=heal-the-world-t-shirt"
"Heal The World T-Shirt","heal-the-world-t-shirt","BLACK / XL","C111214070704",40.00,15,15,12,80,"https://admin.shopify.com/store/30e7d3/products?query=heal-the-world-t-shirt"
"Heal The World T-Shirt","heal-the-world-t-shirt","BLACK / XXL","C111214070705",40.00,15,15,12,80,"https://admin.shopify.com/store/30e7d3/products?query=heal-the-world-t-shirt"
"Heal The World T-Shirt","heal-the-world-t-shirt","BLUE / S","C111214070201",40.00,15,15,12,80,"https://admin.shopify.com/store/30e7d3/products?query=heal-the-world-t-shirt"
"Heal The World T-Shirt","heal-the-world-t-shirt","BLUE / M","C111214070202",40.00,15,15,12,80,"https://admin.shopify.com/store/30e7d3/products?query=heal-the-world-t-shirt"
"Heal The World T-Shirt","heal-the-world-t-shirt","BLUE / L","C111214070203",40.00,15,15,12,80,"https://admin.shopify.com/store/30e7d3/products?query=heal-the-world-t-shirt"
"Heal The World T-Shirt","heal-the-world-t-shirt","BLUE / XL","C111214070204",40.00,15,15,12,80,"https://admin.shopify.com/store/30e7d3/products?query=heal-the-world-t-shirt"
"Heal The World T-Shirt","heal-the-world-t-shirt","BLUE / XXL","C111214070205",40.00,15,15,12,80,"https://admin.shopify.com/store/30e7d3/products?query=heal-the-world-t-shirt"
"Choose Your Future T-Shirt","choose-your-future-t-shirt","WHITE / S","C111214411101",44.00,7,10,8,80,"https://admin.shopify.com/store/30e7d3/products?query=choose-your-future-t-shirt"
"Choose Your Future T-Shirt","choose-your-future-t-shirt","WHITE / M","C111214411102",44.00,7,10,8,80,"https://admin.shopify.com/store/30e7d3/products?query=choose-your-future-t-shirt"
"Choose Your Future T-Shirt","choose-your-future-t-shirt","WHITE / L","C111214411103",44.00,7,10,8,80,"https://admin.shopify.com/store/30e7d3/products?query=choose-your-future-t-shirt"
"Choose Your Future T-Shirt","choose-your-future-t-shirt","BLACK / S","C111214410701",44.00,7,10,8,80,"https://admin.shopify.com/store/30e7d3/products?query=choose-your-future-t-shirt"
"Choose Your Future T-Shirt","choose-your-future-t-shirt","BLACK / M","C111214410702",44.00,7,10,8,80,"https://admin.shopify.com/store/30e7d3/products?query=choose-your-future-t-shirt"
"Choose Your Future T-Shirt","choose-your-future-t-shirt","BLACK / L","C111214410703",44.00,7,10,8,80,"https://admin.shopify.com/store/30e7d3/products?query=choose-your-future-t-shirt"
"Choose Your Future T-Shirt","choose-your-future-t-shirt","BLACK / XL","C111214410704",44.00,7,10,8,80,"https://admin.shopify.com/store/30e7d3/products?query=choose-your-future-t-shirt"
"Choose Your Future T-Shirt","choose-your-future-t-shirt","BLACK / XXL","C111214410705",44.00,7,10,8,80,"https://admin.shopify.com/store/30e7d3/products?query=choose-your-future-t-shirt"
"Don't Touch Me T-Shirt","don-t-touch-me-t-shirt","WHITE / S","C111214171101",47.00,6,10,8,80,"https://admin.shopify.com/store/30e7d3/products?query=don-t-touch-me-t-shirt"
"Don't Touch Me T-Shirt","don-t-touch-me-t-shirt","WHITE / M","C111214171102",47.00,6,10,8,80,"https://admin.shopify.com/store/30e7d3/products?query=don-t-touch-me-t-shirt"
"Don't Touch Me T-Shirt","don-t-touch-me-t-shirt","WHITE / L","C111214171103",47.00,6,10,8,80,"https://admin.shopify.com/store/30e7d3/products?query=don-t-touch-me-t-shirt"
"Don't Touch Me T-Shirt","don-t-touch-me-t-shirt","BLACK / S","C111214170701",47.00,6,10,8,80,"https://admin.shopify.com/store/30e7d3/products?query=don-t-touch-me-t-shirt"
"Don't Touch Me T-Shirt","don-t-touch-me-t-shirt","BLACK / M","C111214170702",47.00,6,10,8,80,"https://admin.shopify.com/store/30e7d3/products?query=don-t-touch-me-t-shirt"
"Don't Touch Me T-Shirt","don-t-touch-me-t-shirt","BLACK / L","C111214170703",47.00,6,10,8,80,"https://admin.shopify.com/store/30e7d3/products?query=don-t-touch-me-t-shirt"
"Don't Touch Me T-Shirt","don-t-touch-me-t-shirt","BLACK / XL","C111214170704",47.00,6,10,8,80,"https://admin.shopify.com/store/30e7d3/products?query=don-t-touch-me-t-shirt"
"Don't Touch Me T-Shirt","don-t-touch-me-t-shirt","BLACK / XXL","C111214170705",47.00,6,10,8,80,"https://admin.shopify.com/store/30e7d3/products?query=don-t-touch-me-t-shirt"
"Louie Shorts Set","louie-shorts-set","LIGHT BLUE / M","112333209M",45.00,9,10,8,80,"https://admin.shopify.com/store/30e7d3/products?query=louie-shorts-set"
"Louie Shorts Set","louie-shorts-set","LIGHT BLUE / L","112333209L",45.00,9,10,8,80,"https://admin.shopify.com/store/30e7d3/products?query=louie-shorts-set"
"Louie Shorts Set","louie-shorts-set","LIGHT BLUE / XL","112333209XL",45.00,9,10,8,80,"https://admin.shopify.com/store/30e7d3/products?query=louie-shorts-set"
"Louie Shorts Set","louie-shorts-set","WHITE / S","112333211S",45.00,9,10,8,80,"https://admin.shopify.com/store/30e7d3/products?query=louie-shorts-set"
"Louie Shorts Set","louie-shorts-set","WHITE / M","112333211M",45.00,9,10,8,80,"https://admin.shopify.com/store/30e7d3/products?query=louie-shorts-set"
"Louie Shorts Set","louie-shorts-set","WHITE / L","112333211L",45.00,9,10,8,80,"https://admin.shopify.com/store/30e7d3/products?query=louie-shorts-set"
"Louie Shorts Set","louie-shorts-set","WHITE / XL","112333211XL",45.00,9,10,8,80,"https://admin.shopify.com/store/30e7d3/products?query=louie-shorts-set"
"Louie Shorts Set","louie-shorts-set","WHITE / XXL","112333211XXL",45.00,9,10,8,80,"https://admin.shopify.com/store/30e7d3/products?query=louie-shorts-set"
"Mind Power T-Shirt","mind-power-t-shirt","WHITE / S","C111214361101",44.00,23,10,8,80,"https://admin.shopify.com/store/30e7d3/products?query=mind-power-t-shirt"
"Mind Power T-Shirt","mind-power-t-shirt","WHITE / M","C111214361102",44.00,23,10,8,80,"https://admin.shopify.com/store/30e7d3/products?query=mind-power-t-shirt"
"Mind Power T-Shirt","mind-power-t-shirt","WHITE / L","C111214361103",44.00,23,10,8,80,"https://admin.shopify.com/store/30e7d3/products?query=mind-power-t-shirt"
"Mind Power T-Shirt","mind-power-t-shirt","BLACK / S","C111214360701",44.00,23,10,8,80,"https://admin.shopify.com/store/30e7d3/products?query=mind-power-t-shirt"
"Mind Power T-Shirt","mind-power-t-shirt","BLACK / M","C111214360702",44.00,23,10,8,80,"https://admin.shopify.com/store/30e7d3/products?query=mind-power-t-shirt"
"Mind Power T-Shirt","mind-power-t-shirt","BLACK / L","C111214360703",44.00,23,10,8,80,"https://admin.shopify.com/store/30e7d3/products?query=mind-power-t-shirt"
"Mind Power T-Shirt","mind-power-t-shirt","BLACK / XL","C111214360704",44.00,23,10,8,80,"https://admin.shopify.com/store/30e7d3/products?query=mind-power-t-shirt"
"Mind Power T-Shirt","mind-power-t-shirt","BLACK / XXL","C111214360705",44.00,23,10,8,80,"https://admin.shopify.com/store/30e7d3/products?query=mind-power-t-shirt"
"Painted King T-Shirt","painted-king-t-shirt","WHITE / S","C111214401101",41.00,2,10,8,80,"https://admin.shopify.com/store/30e7d3/products?query=painted-king-t-shirt"
"Painted King T-Shirt","painted-king-t-shirt","WHITE / M","C111214401102",41.00,2,10,8,80,"https://admin.shopify.com/store/30e7d3/products?query=painted-king-t-shirt"
"Painted King T-Shirt","painted-king-t-shirt","WHITE / L","C111214401103",41.00,2,10,8,80,"https://admin.shopify.com/store/30e7d3/products?query=painted-king-t-shirt"
"Painted King T-Shirt","painted-king-t-shirt","BLACK / S","C111214400701",41.00,2,10,8,80,"https://admin.shopify.com/store/30e7d3/products?query=painted-king-t-shirt"
"Painted King T-Shirt","painted-king-t-shirt","BLACK / M","C111214400702",41.00,2,10,8,80,"https://admin.shopify.com/store/30e7d3/products?query=painted-king-t-shirt"
"Painted King T-Shirt","painted-king-t-shirt","BLACK / L","C111214400703",41.00,2,10,8,80,"https://admin.shopify.com/store/30e7d3/products?query=painted-king-t-shirt"
"Painted King T-Shirt","painted-king-t-shirt","BLACK / XL","C111214400704",41.00,2,10,8,80,"https://admin.shopify.com/store/30e7d3/products?query=painted-king-t-shirt"
"Painted King T-Shirt","painted-king-t-shirt","BLACK / XXL","C111214400705",41.00,2,10,8,80,"https://admin.shopify.com/store/30e7d3/products?query=painted-king-t-shirt"
"Tommy Shorts","tommy-shorts","BLACK / S","112233207S",48.00,5,10,8,80,"https://admin.shopify.com/store/30e7d3/products?query=tommy-shorts"
"Tommy Shorts","tommy-shorts","BLACK / M","112233207M",48.00,5,10,8,80,"https://admin.shopify.com/store/30e7d3/products?query=tommy-shorts"
"Tommy Shorts","tommy-shorts","BLACK / L","112233207L",48.00,5,10,8,80,"https://admin.shopify.com/store/30e7d3/products?query=tommy-shorts"
"Tommy Shorts","tommy-shorts","BLACK / XL","112233207XL",48.00,5,10,8,80,"https://admin.shopify.com/store/30e7d3/products?query=tommy-shorts"
"Tommy Shorts","tommy-shorts","WHITE / S","112233211S",48.00,5,10,8,80,"https://admin.shopify.com/store/30e7d3/products?query=tommy-shorts"
"Tommy Shorts","tommy-shorts","WHITE / M","112233211M",48.00,5,10,8,80,"https://admin.shopify.com/store/30e7d3/products?query=tommy-shorts"
"Tommy Shorts","tommy-shorts","WHITE / L","112233211L",48.00,5,10,8,80,"https://admin.shopify.com/store/30e7d3/products?query=tommy-shorts"
"Tommy Shorts","tommy-shorts","WHITE / XXL","112233211XXL",48.00,5,10,8,80,"https://admin.shopify.com/store/30e7d3/products?query=tommy-shorts"
"Miami Shirt","miami-shirt","BLACK / S","112470607S",63.00,1,5,4,80,"https://admin.shopify.com/store/30e7d3/products?query=miami-shirt"
"Miami Shirt","miami-shirt","BLACK / M","112470607M",63.00,1,5,4,80,"https://admin.shopify.com/store/30e7d3/products?query=miami-shirt"
"Miami Shirt","miami-shirt","BLACK / L","112470607L",63.00,1,5,4,80,"https://admin.shopify.com/store/30e7d3/products?query=miami-shirt"
"Miami Shirt","miami-shirt","BLACK / XL","112470607XL",63.00,1,5,4,80,"https://admin.shopify.com/store/30e7d3/products?query=miami-shirt"
"Camel Flush Sneakers","camel-flush-sneakers","CAMEL FLUSH GREY / 40","C216316250440",54.00,3,12,9,75,"https://admin.shopify.com/store/30e7d3/products?query=camel-flush-sneakers"
"Camel Flush Sneakers","camel-flush-sneakers","CAMEL FLUSH GREY / 41","C216316250441",54.00,3,12,9,75,"https://admin.shopify.com/store/30e7d3/products?query=camel-flush-sneakers"
"Camel Flush Sneakers","camel-flush-sneakers","CAMEL FLUSH GREY / 43","C216316250443",54.00,3,12,9,75,"https://admin.shopify.com/store/30e7d3/products?query=camel-flush-sneakers"
"Camel Flush Sneakers","camel-flush-sneakers","CAMEL FLUSH GREY / 45","C216316250445",54.00,3,12,9,75,"https://admin.shopify.com/store/30e7d3/products?query=camel-flush-sneakers"
"Camel Flush Sneakers","camel-flush-sneakers","CAMEL FLUSH WHITE / 41","C216316251141",54.00,3,12,9,75,"https://admin.shopify.com/store/30e7d3/products?query=camel-flush-sneakers"
"Camel Flush Sneakers","camel-flush-sneakers","CAMEL FLUSH WHITE / 42","C216316251142",54.00,3,12,9,75,"https://admin.shopify.com/store/30e7d3/products?query=camel-flush-sneakers"
"Camel Flush Sneakers","camel-flush-sneakers","CAMEL FLUSH WHITE / 43","C216316251143",54.00,3,12,9,75,"https://admin.shopify.com/store/30e7d3/products?query=camel-flush-sneakers"
"Camel Flush Sneakers","camel-flush-sneakers","CAMEL FLUSH WHITE / 44","C216316251144",54.00,3,12,9,75,"https://admin.shopify.com/store/30e7d3/products?query=camel-flush-sneakers"
"Camel Flush Sneakers","camel-flush-sneakers","CAMEL FLUSH WHITE / 45","C216316251145",54.00,3,12,9,75,"https://admin.shopify.com/store/30e7d3/products?query=camel-flush-sneakers"
"Classic Sneakers","classic-sneakers","BLACK / 40","C216316280740",51.00,3,12,9,75,"https://admin.shopify.com/store/30e7d3/products?query=classic-sneakers"
"Classic Sneakers","classic-sneakers","BLACK / 41","C216316280741",51.00,3,12,9,75,"https://admin.shopify.com/store/30e7d3/products?query=classic-sneakers"
"Classic Sneakers","classic-sneakers","BLACK / 42","C216316280742",51.00,3,12,9,75,"https://admin.shopify.com/store/30e7d3/products?query=classic-sneakers"
"Classic Sneakers","classic-sneakers","BLACK / 45","C216316280745",51.00,3,12,9,75,"https://admin.shopify.com/store/30e7d3/products?query=classic-sneakers"
"Classic Sneakers","classic-sneakers","WHITE / 40","C216316281140",51.00,3,12,9,75,"https://admin.shopify.com/store/30e7d3/products?query=classic-sneakers"
"Classic Sneakers","classic-sneakers","WHITE / 41","C216316281141",51.00,3,12,9,75,"https://admin.shopify.com/store/30e7d3/products?query=classic-sneakers"
"Classic Sneakers","classic-sneakers","WHITE / 42","C216316281142",51.00,3,12,9,75,"https://admin.shopify.com/store/30e7d3/products?query=classic-sneakers"
"Classic Sneakers","classic-sneakers","WHITE / 43","C216316281143",51.00,3,12,9,75,"https://admin.shopify.com/store/30e7d3/products?query=classic-sneakers"
"Classic Sneakers","classic-sneakers","WHITE / 44","C216316281144",51.00,3,12,9,75,"https://admin.shopify.com/store/30e7d3/products?query=classic-sneakers"
"Brave And Wild Short Set","brave-and-wild-short-set","BLACK / L","112433607L",50.00,2,8,6,75,"https://admin.shopify.com/store/30e7d3/products?query=brave-and-wild-short-set"
"Brave And Wild Short Set","brave-and-wild-short-set","BLACK / XL","112433607XL",50.00,2,8,6,75,"https://admin.shopify.com/store/30e7d3/products?query=brave-and-wild-short-set"
"Brave And Wild Short Set","brave-and-wild-short-set","WHITE / L","112433611L",50.00,2,8,6,75,"https://admin.shopify.com/store/30e7d3/products?query=brave-and-wild-short-set"
"Brave And Wild Short Set","brave-and-wild-short-set","WHITE / M","112433611M",50.00,2,8,6,75,"https://admin.shopify.com/store/30e7d3/products?query=brave-and-wild-short-set"
"Brave And Wild Short Set","brave-and-wild-short-set","WHITE / S","112433611S",50.00,2,8,6,75,"https://admin.shopify.com/store/30e7d3/products?query=brave-and-wild-short-set"
"Brave And Wild Short Set","brave-and-wild-short-set","WHITE / XL","112433611XL",50.00,2,8,6,75,"https://admin.shopify.com/store/30e7d3/products?query=brave-and-wild-short-set"
"Survive T-Shirt","survive-t-shirt","TEAL / L","1124431B7L",52.00,5,8,6,75,"https://admin.shopify.com/store/30e7d3/products?query=survive-t-shirt"
"Survive T-Shirt","survive-t-shirt","TEAL / XL","1124431B7XL",52.00,5,8,6,75,"https://admin.shopify.com/store/30e7d3/products?query=survive-t-shirt"
"Survive T-Shirt","survive-t-shirt","BLACK / S","112443107S",52.00,5,8,6,75,"https://admin.shopify.com/store/30e7d3/products?query=survive-t-shirt"
"Survive T-Shirt","survive-t-shirt","BLACK / M","112443107M",52.00,5,8,6,75,"https://admin.shopify.com/store/30e7d3/products?query=survive-t-shirt"
"Survive T-Shirt","survive-t-shirt","BLACK / L","112443107L",52.00,5,8,6,75,"https://admin.shopify.com/store/30e7d3/products?query=survive-t-shirt"
"Survive T-Shirt","survive-t-shirt","BLACK / XL","112443107XL",52.00,5,8,6,75,"https://admin.shopify.com/store/30e7d3/products?query=survive-t-shirt"
"Archer Overall","archer-overall","BLACK / S","C111111620701",105.00,1,4,3,75,"https://admin.shopify.com/store/30e7d3/products?query=archer-overall"
"Archer Overall","archer-overall","BLACK / M","C111111620702",105.00,1,4,3,75,"https://admin.shopify.com/store/30e7d3/products?query=archer-overall"
"Archer Overall","archer-overall","BLACK / L","C111111620703",105.00,1,4,3,75,"https://admin.shopify.com/store/30e7d3/products?query=archer-overall"
"Aubri Denim Jacket","aubri-denim-jacket","BLUE WASHED / S","C12171211C201",73.00,2,4,3,75,"https://admin.shopify.com/store/30e7d3/products?query=aubri-denim-jacket"
"Aubri Denim Jacket","aubri-denim-jacket","BLUE WASHED / M","C12171211C202",73.00,2,4,3,75,"https://admin.shopify.com/store/30e7d3/products?query=aubri-denim-jacket"
"Aubri Denim Jacket","aubri-denim-jacket","BLUE WASHED / L","C12171211C203",73.00,2,4,3,75,"https://admin.shopify.com/store/30e7d3/products?query=aubri-denim-jacket"
"Dream Shorts Set","dream-shorts-set","PRINT / S","1124315H4S",51.00,5,4,3,75,"https://admin.shopify.com/store/30e7d3/products?query=dream-shorts-set"
"Dream Shorts Set","dream-shorts-set","PRINT / L","1124315H4L",51.00,5,4,3,75,"https://admin.shopify.com/store/30e7d3/products?query=dream-shorts-set"
"Dream Shorts Set","dream-shorts-set","PRINT / XL","1124315H4XL",51.00,5,4,3,75,"https://admin.shopify.com/store/30e7d3/products?query=dream-shorts-set"
"Jack Pants","jack-pants","BLACK / S","112283307S",72.00,4,4,3,75,"https://admin.shopify.com/store/30e7d3/products?query=jack-pants"
"Jack Pants","jack-pants","BLACK / M","112283307M",72.00,4,4,3,75,"https://admin.shopify.com/store/30e7d3/products?query=jack-pants"
"Jack Pants","jack-pants","BLACK / L","112283307L",72.00,4,4,3,75,"https://admin.shopify.com/store/30e7d3/products?query=jack-pants"
"James Pants","james-pants","BLACK / S","112283507S",72.00,3,4,3,75,"https://admin.shopify.com/store/30e7d3/products?query=james-pants"
"James Pants","james-pants","BLACK / M","112283507M",72.00,3,4,3,75,"https://admin.shopify.com/store/30e7d3/products?query=james-pants"
"James Pants","james-pants","BLACK / L","112283507L",72.00,3,4,3,75,"https://admin.shopify.com/store/30e7d3/products?query=james-pants"
"Laney Bodysuit","laney-bodysuit","NUDE / M","C12581710A802",56.00,2,4,3,75,"https://admin.shopify.com/store/30e7d3/products?query=laney-bodysuit"
"Laney Bodysuit","laney-bodysuit","NUDE / L","C12581710A803",56.00,2,4,3,75,"https://admin.shopify.com/store/30e7d3/products?query=laney-bodysuit"
"Laney Bodysuit","laney-bodysuit","NUDE / XL","C12581710A804",56.00,2,4,3,75,"https://admin.shopify.com/store/30e7d3/products?query=laney-bodysuit"
"Maddison Skirt","maddison-skirt","BLACK / 38","C125215300738",45.00,2,4,3,75,"https://admin.shopify.com/store/30e7d3/products?query=maddison-skirt"
"Maddison Skirt","maddison-skirt","BLACK / 40","C125215300740",45.00,2,4,3,75,"https://admin.shopify.com/store/30e7d3/products?query=maddison-skirt"
"Maddison Skirt","maddison-skirt","BLACK / 42","C125215300742",45.00,2,4,3,75,"https://admin.shopify.com/store/30e7d3/products?query=maddison-skirt"
"Ronald Pants","ronald-pants","BLACK / S","112280107S",86.00,1,4,3,75,"https://admin.shopify.com/store/30e7d3/products?query=ronald-pants"
"Ronald Pants","ronald-pants","BLACK / L","112280107L",86.00,1,4,3,75,"https://admin.shopify.com/store/30e7d3/products?query=ronald-pants"
"Ronald Pants","ronald-pants","BLACK / XL","112280107XL",86.00,1,4,3,75,"https://admin.shopify.com/store/30e7d3/products?query=ronald-pants"
"Startdust Denim Jacket","startdust-denim-jacket","BLUE WASHED / S","C11111267C201",91.00,1,4,3,75,"https://admin.shopify.com/store/30e7d3/products?query=startdust-denim-jacket"
"Startdust Denim Jacket","startdust-denim-jacket","BLUE WASHED / M","C11111267C202",91.00,1,4,3,75,"https://admin.shopify.com/store/30e7d3/products?query=startdust-denim-jacket"
"Startdust Denim Jacket","startdust-denim-jacket","BLUE WASHED / L","C11111267C203",91.00,1,4,3,75,"https://admin.shopify.com/store/30e7d3/products?query=startdust-denim-jacket"
"TV Shirt","tv-shirt","BLACK / S","112242207S",47.00,1,4,3,75,"https://admin.shopify.com/store/30e7d3/products?query=tv-shirt"
"TV Shirt","tv-shirt","BLACK / M","112242207M",47.00,1,4,3,75,"https://admin.shopify.com/store/30e7d3/products?query=tv-shirt"
"TV Shirt","tv-shirt","BLACK / XL","112242207XL",47.00,1,4,3,75,"https://admin.shopify.com/store/30e7d3/products?query=tv-shirt"
"Womens Long Denim Jeans H","womens-long-denim-jeans-h","BLUE WASHED / S","C12171017C201",77.00,1,4,3,75,"https://admin.shopify.com/store/30e7d3/products?query=womens-long-denim-jeans-h"
"Womens Long Denim Jeans H","womens-long-denim-jeans-h","BLUE WASHED / M","C12171017C202",77.00,1,4,3,75,"https://admin.shopify.com/store/30e7d3/products?query=womens-long-denim-jeans-h"
"Womens Long Denim Jeans H","womens-long-denim-jeans-h","BLUE WASHED / L","C12171017C203",77.00,1,4,3,75,"https://admin.shopify.com/store/30e7d3/products?query=womens-long-denim-jeans-h"
"Choose Carbon T-Shirt","choose-carbon-t-shirt","PURPLE / S","C111214121401",42.00,16,15,11,73,"https://admin.shopify.com/store/30e7d3/products?query=choose-carbon-t-shirt"
"Choose Carbon T-Shirt","choose-carbon-t-shirt","PURPLE / M","C111214121402",42.00,16,15,11,73,"https://admin.shopify.com/store/30e7d3/products?query=choose-carbon-t-shirt"
"Choose Carbon T-Shirt","choose-carbon-t-shirt","PURPLE / L","C111214121403",42.00,16,15,11,73,"https://admin.shopify.com/store/30e7d3/products?query=choose-carbon-t-shirt"
"Choose Carbon T-Shirt","choose-carbon-t-shirt","WHITE / S","C111214121101",42.00,16,15,11,73,"https://admin.shopify.com/store/30e7d3/products?query=choose-carbon-t-shirt"
"Choose Carbon T-Shirt","choose-carbon-t-shirt","WHITE / M","C111214121102",42.00,16,15,11,73,"https://admin.shopify.com/store/30e7d3/products?query=choose-carbon-t-shirt"
"Choose Carbon T-Shirt","choose-carbon-t-shirt","WHITE / L","C111214121103",42.00,16,15,11,73,"https://admin.shopify.com/store/30e7d3/products?query=choose-carbon-t-shirt"
"Choose Carbon T-Shirt","choose-carbon-t-shirt","BLACK / S","C111214120701",42.00,16,15,11,73,"https://admin.shopify.com/store/30e7d3/products?query=choose-carbon-t-shirt"
"Choose Carbon T-Shirt","choose-carbon-t-shirt","BLACK / M","C111214120702",42.00,16,15,11,73,"https://admin.shopify.com/store/30e7d3/products?query=choose-carbon-t-shirt"
"Choose Carbon T-Shirt","choose-carbon-t-shirt","BLACK / L","C111214120703",42.00,16,15,11,73,"https://admin.shopify.com/store/30e7d3/products?query=choose-carbon-t-shirt"
"Choose Carbon T-Shirt","choose-carbon-t-shirt","BLACK / XL","C111214120704",42.00,16,15,11,73,"https://admin.shopify.com/store/30e7d3/products?query=choose-carbon-t-shirt"
"Choose Carbon T-Shirt","choose-carbon-t-shirt","BLACK / XXL","C111214120705",42.00,16,15,11,73,"https://admin.shopify.com/store/30e7d3/products?query=choose-carbon-t-shirt"
"Element T-Shirt","element-t-shirt","LIGHT BLUE / S","C111214050901",47.00,19,15,11,73,"https://admin.shopify.com/store/30e7d3/products?query=element-t-shirt"
"Element T-Shirt","element-t-shirt","LIGHT BLUE / M","C111214050902",47.00,19,15,11,73,"https://admin.shopify.com/store/30e7d3/products?query=element-t-shirt"
"Element T-Shirt","element-t-shirt","LIGHT BLUE / L","C111214050903",47.00,19,15,11,73,"https://admin.shopify.com/store/30e7d3/products?query=element-t-shirt"
"Element T-Shirt","element-t-shirt","MINK / S","C11121405B401",47.00,19,15,11,73,"https://admin.shopify.com/store/30e7d3/products?query=element-t-shirt"
"Element T-Shirt","element-t-shirt","MINK / M","C11121405B402",47.00,19,15,11,73,"https://admin.shopify.com/store/30e7d3/products?query=element-t-shirt"
"Element T-Shirt","element-t-shirt","MINK / L","C11121405B403",47.00,19,15,11,73,"https://admin.shopify.com/store/30e7d3/products?query=element-t-shirt"
"Element T-Shirt","element-t-shirt","BLACK / S","C111214050701",47.00,19,15,11,73,"https://admin.shopify.com/store/30e7d3/products?query=element-t-shirt"
"Element T-Shirt","element-t-shirt","BLACK / M","C111214050702",47.00,19,15,11,73,"https://admin.shopify.com/store/30e7d3/products?query=element-t-shirt"
"Element T-Shirt","element-t-shirt","BLACK / L","C111214050703",47.00,19,15,11,73,"https://admin.shopify.com/store/30e7d3/products?query=element-t-shirt"
"Element T-Shirt","element-t-shirt","BLACK / XL","C111214050704",47.00,19,15,11,73,"https://admin.shopify.com/store/30e7d3/products?query=element-t-shirt"
"Element T-Shirt","element-t-shirt","BLACK / XXL","C111214050705",47.00,19,15,11,73,"https://admin.shopify.com/store/30e7d3/products?query=element-t-shirt"
"Shadow T-Shirt","shadow-t-shirt","MINK / S","C11121426B401",41.00,22,15,11,73,"https://admin.shopify.com/store/30e7d3/products?query=shadow-t-shirt"
"Shadow T-Shirt","shadow-t-shirt","MINK / M","C11121426B402",41.00,22,15,11,73,"https://admin.shopify.com/store/30e7d3/products?query=shadow-t-shirt"
"Shadow T-Shirt","shadow-t-shirt","MINK / L","C11121426B403",41.00,22,15,11,73,"https://admin.shopify.com/store/30e7d3/products?query=shadow-t-shirt"
"Shadow T-Shirt","shadow-t-shirt","WHITE / S","C111214261101",41.00,22,15,11,73,"https://admin.shopify.com/store/30e7d3/products?query=shadow-t-shirt"
"Shadow T-Shirt","shadow-t-shirt","WHITE / M","C111214261102",41.00,22,15,11,73,"https://admin.shopify.com/store/30e7d3/products?query=shadow-t-shirt"
"Shadow T-Shirt","shadow-t-shirt","WHITE / L","C111214261103",41.00,22,15,11,73,"https://admin.shopify.com/store/30e7d3/products?query=shadow-t-shirt"
"Shadow T-Shirt","shadow-t-shirt","BLACK / S","C111214260701",41.00,22,15,11,73,"https://admin.shopify.com/store/30e7d3/products?query=shadow-t-shirt"
"Shadow T-Shirt","shadow-t-shirt","BLACK / M","C111214260702",41.00,22,15,11,73,"https://admin.shopify.com/store/30e7d3/products?query=shadow-t-shirt"
"Shadow T-Shirt","shadow-t-shirt","BLACK / L","C111214260703",41.00,22,15,11,73,"https://admin.shopify.com/store/30e7d3/products?query=shadow-t-shirt"
"Shadow T-Shirt","shadow-t-shirt","BLACK / XL","C111214260704",41.00,22,15,11,73,"https://admin.shopify.com/store/30e7d3/products?query=shadow-t-shirt"
"Shadow T-Shirt","shadow-t-shirt","BLACK / XXL","C111214260705",41.00,22,15,11,73,"https://admin.shopify.com/store/30e7d3/products?query=shadow-t-shirt"
"Felix Jeans","felix-jeans","BLUE / 30","11240690230",104.00,2,7,5,71,"https://admin.shopify.com/store/30e7d3/products?query=felix-jeans"
"Felix Jeans","felix-jeans","BLUE / 31","11240690231",104.00,2,7,5,71,"https://admin.shopify.com/store/30e7d3/products?query=felix-jeans"
"Felix Jeans","felix-jeans","BLUE / 32","11240690232",104.00,2,7,5,71,"https://admin.shopify.com/store/30e7d3/products?query=felix-jeans"
"Felix Jeans","felix-jeans","BLUE / 34","11240690234",104.00,2,7,5,71,"https://admin.shopify.com/store/30e7d3/products?query=felix-jeans"
"Felix Jeans","felix-jeans","BLUE / 36","11240690236",104.00,2,7,5,71,"https://admin.shopify.com/store/30e7d3/products?query=felix-jeans"
"Gleann","gleann","BLACK / 30","11240700730",99.00,3,7,5,71,"https://admin.shopify.com/store/30e7d3/products?query=gleann"
"Gleann","gleann","BLACK / 31","11240700731",99.00,3,7,5,71,"https://admin.shopify.com/store/30e7d3/products?query=gleann"
"Gleann","gleann","BLACK / 32","11240700732",99.00,3,7,5,71,"https://admin.shopify.com/store/30e7d3/products?query=gleann"
"Gleann","gleann","BLACK / 34","11240700734",99.00,3,7,5,71,"https://admin.shopify.com/store/30e7d3/products?query=gleann"
"Gleann","gleann","BLACK / 36","11240700736",99.00,3,7,5,71,"https://admin.shopify.com/store/30e7d3/products?query=gleann"
"Hank Denim Shorts","hank-denim-shorts","BLACK / 29","C111113570729",58.00,12,7,5,71,"https://admin.shopify.com/store/30e7d3/products?query=hank-denim-shorts"
"Hank Denim Shorts","hank-denim-shorts","BLACK / 32","C111113570732",58.00,12,7,5,71,"https://admin.shopify.com/store/30e7d3/products?query=hank-denim-shorts"
"Hank Denim Shorts","hank-denim-shorts","BLACK / 33","C111113570733",58.00,12,7,5,71,"https://admin.shopify.com/store/30e7d3/products?query=hank-denim-shorts"
"Hank Denim Shorts","hank-denim-shorts","BLACK / 34","C111113570734",58.00,12,7,5,71,"https://admin.shopify.com/store/30e7d3/products?query=hank-denim-shorts"
"Hank Denim Shorts","hank-denim-shorts","BLACK / 36","C111113570736",58.00,12,7,5,71,"https://admin.shopify.com/store/30e7d3/products?query=hank-denim-shorts"
"Jogger Jeans","jogger-jeans","BLUE WASHED / 29","C11111022C229",95.00,4,7,5,71,"https://admin.shopify.com/store/30e7d3/products?query=jogger-jeans"
"Jogger Jeans","jogger-jeans","BLUE WASHED / 32","C11111022C232",95.00,4,7,5,71,"https://admin.shopify.com/store/30e7d3/products?query=jogger-jeans"
"Jogger Jeans","jogger-jeans","BLUE WASHED / 33","C11111022C233",95.00,4,7,5,71,"https://admin.shopify.com/store/30e7d3/products?query=jogger-jeans"
"Jogger Jeans","jogger-jeans","BLUE WASHED / 34","C11111022C234",95.00,4,7,5,71,"https://admin.shopify.com/store/30e7d3/products?query=jogger-jeans"
"Jogger Jeans","jogger-jeans","BLUE WASHED / 36","C11111022C236",95.00,4,7,5,71,"https://admin.shopify.com/store/30e7d3/products?query=jogger-jeans"
"Juan Jeans","juan-jeans","WHITE / 30","12220631130",98.00,8,7,5,71,"https://admin.shopify.com/store/30e7d3/products?query=juan-jeans"
"Juan Jeans","juan-jeans","WHITE / 31","12220631131",98.00,8,7,5,71,"https://admin.shopify.com/store/30e7d3/products?query=juan-jeans"
"Juan Jeans","juan-jeans","WHITE / 33","12220631133",98.00,8,7,5,71,"https://admin.shopify.com/store/30e7d3/products?query=juan-jeans"
"Juan Jeans","juan-jeans","WHITE / 34","12220631134",98.00,8,7,5,71,"https://admin.shopify.com/store/30e7d3/products?query=juan-jeans"
"Juan Jeans","juan-jeans","WHITE / 36","12220631136",98.00,8,7,5,71,"https://admin.shopify.com/store/30e7d3/products?query=juan-jeans"
"Jude Denim Shorts","jude-denim-shorts","WHITE / 29","C111113501129",63.00,3,7,5,71,"https://admin.shopify.com/store/30e7d3/products?query=jude-denim-shorts"
"Jude Denim Shorts","jude-denim-shorts","WHITE / 31","C111113501131",63.00,3,7,5,71,"https://admin.shopify.com/store/30e7d3/products?query=jude-denim-shorts"
"Jude Denim Shorts","jude-denim-shorts","WHITE / 32","C111113501132",63.00,3,7,5,71,"https://admin.shopify.com/store/30e7d3/products?query=jude-denim-shorts"
"Jude Denim Shorts","jude-denim-shorts","WHITE / 33","C111113501133",63.00,3,7,5,71,"https://admin.shopify.com/store/30e7d3/products?query=jude-denim-shorts"
"Jude Denim Shorts","jude-denim-shorts","WHITE / 34","C111113501134",63.00,3,7,5,71,"https://admin.shopify.com/store/30e7d3/products?query=jude-denim-shorts"
"Julian Jeans","julian-jeans","BLUE WASHED / 29","C11111024C229",109.00,2,7,5,71,"https://admin.shopify.com/store/30e7d3/products?query=julian-jeans"
"Julian Jeans","julian-jeans","BLUE WASHED / 30","C11111024C230",109.00,2,7,5,71,"https://admin.shopify.com/store/30e7d3/products?query=julian-jeans"
"Julian Jeans","julian-jeans","BLUE WASHED / 33","C11111024C233",109.00,2,7,5,71,"https://admin.shopify.com/store/30e7d3/products?query=julian-jeans"
"Julian Jeans","julian-jeans","BLUE WASHED / 34","C11111024C234",109.00,2,7,5,71,"https://admin.shopify.com/store/30e7d3/products?query=julian-jeans"
"Julian Jeans","julian-jeans","BLUE WASHED / 36","C11111024C236",109.00,2,7,5,71,"https://admin.shopify.com/store/30e7d3/products?query=julian-jeans"
"Kaleb Jeans","kaleb-jeans","BLACK / 30","12220720730",98.00,8,7,5,71,"https://admin.shopify.com/store/30e7d3/products?query=kaleb-jeans"
"Kaleb Jeans","kaleb-jeans","BLACK / 33","12220720733",98.00,8,7,5,71,"https://admin.shopify.com/store/30e7d3/products?query=kaleb-jeans"
"Kaleb Jeans","kaleb-jeans","BLACK / 34","12220720734",98.00,8,7,5,71,"https://admin.shopify.com/store/30e7d3/products?query=kaleb-jeans"
"Kaleb Jeans","kaleb-jeans","BLACK / 36","12220720736",98.00,8,7,5,71,"https://admin.shopify.com/store/30e7d3/products?query=kaleb-jeans"
"Kaleb Jeans","kaleb-jeans","BLACK / 38","12220720738",98.00,8,7,5,71,"https://admin.shopify.com/store/30e7d3/products?query=kaleb-jeans"
"Leon Jeans","leon-jeans","LIGHT BLUE / 30","12220650930",98.00,3,7,5,71,"https://admin.shopify.com/store/30e7d3/products?query=leon-jeans"
"Leon Jeans","leon-jeans","LIGHT BLUE / 32","12220650932",98.00,3,7,5,71,"https://admin.shopify.com/store/30e7d3/products?query=leon-jeans"
"Leon Jeans","leon-jeans","LIGHT BLUE / 34","12220650934",98.00,3,7,5,71,"https://admin.shopify.com/store/30e7d3/products?query=leon-jeans"
"Leon Jeans","leon-jeans","LIGHT BLUE / 36","12220650936",98.00,3,7,5,71,"https://admin.shopify.com/store/30e7d3/products?query=leon-jeans"
"Leon Jeans","leon-jeans","LIGHT BLUE / 38","12220650938",98.00,3,7,5,71,"https://admin.shopify.com/store/30e7d3/products?query=leon-jeans"
"Rye Jeans","rye-jeans","BLACK / 30","11230060730",107.00,12,7,5,71,"https://admin.shopify.com/store/30e7d3/products?query=rye-jeans"
"Rye Jeans","rye-jeans","BLACK / 33","11230060733",107.00,12,7,5,71,"https://admin.shopify.com/store/30e7d3/products?query=rye-jeans"
"Rye Jeans","rye-jeans","BLACK / 34","11230060734",107.00,12,7,5,71,"https://admin.shopify.com/store/30e7d3/products?query=rye-jeans"
"Rye Jeans","rye-jeans","BLACK / 36","11230060736",107.00,12,7,5,71,"https://admin.shopify.com/store/30e7d3/products?query=rye-jeans"
"Rye Jeans","rye-jeans","BLACK / 38","11230060738",107.00,12,7,5,71,"https://admin.shopify.com/store/30e7d3/products?query=rye-jeans"
"Trent Denim Shorts","trent-denim-shorts","GREY WASHED / 29","C11111346C429",58.00,13,7,5,71,"https://admin.shopify.com/store/30e7d3/products?query=trent-denim-shorts"
"Trent Denim Shorts","trent-denim-shorts","GREY WASHED / 31","C11111346C431",58.00,13,7,5,71,"https://admin.shopify.com/store/30e7d3/products?query=trent-denim-shorts"
"Trent Denim Shorts","trent-denim-shorts","GREY WASHED / 33","C11111346C433",58.00,13,7,5,71,"https://admin.shopify.com/store/30e7d3/products?query=trent-denim-shorts"
"Trent Denim Shorts","trent-denim-shorts","GREY WASHED / 34","C11111346C434",58.00,13,7,5,71,"https://admin.shopify.com/store/30e7d3/products?query=trent-denim-shorts"
"Trent Denim Shorts","trent-denim-shorts","GREY WASHED / 36","C11111346C436",58.00,13,7,5,71,"https://admin.shopify.com/store/30e7d3/products?query=trent-denim-shorts"
"Teddyator T-Shirt","teddyator-t-shirt","WHITE / S","C111214381101",41.00,14,10,7,70,"https://admin.shopify.com/store/30e7d3/products?query=teddyator-t-shirt"
"Teddyator T-Shirt","teddyator-t-shirt","WHITE / M","C111214381102",41.00,14,10,7,70,"https://admin.shopify.com/store/30e7d3/products?query=teddyator-t-shirt"
"Teddyator T-Shirt","teddyator-t-shirt","BLACK / S","C111214380701",41.00,14,10,7,70,"https://admin.shopify.com/store/30e7d3/products?query=teddyator-t-shirt"
"Teddyator T-Shirt","teddyator-t-shirt","BLACK / M","C111214380702",41.00,14,10,7,70,"https://admin.shopify.com/store/30e7d3/products?query=teddyator-t-shirt"
"Teddyator T-Shirt","teddyator-t-shirt","BLACK / L","C111214380703",41.00,14,10,7,70,"https://admin.shopify.com/store/30e7d3/products?query=teddyator-t-shirt"
"Teddyator T-Shirt","teddyator-t-shirt","BLACK / XL","C111214380704",41.00,14,10,7,70,"https://admin.shopify.com/store/30e7d3/products?query=teddyator-t-shirt"
"Teddyator T-Shirt","teddyator-t-shirt","BLACK / XXL","C111214380705",41.00,14,10,7,70,"https://admin.shopify.com/store/30e7d3/products?query=teddyator-t-shirt"
"Nash Swimsuit","nash-swimsuit","LILAC / S","C11171933B301",39.00,29,15,10,67,"https://admin.shopify.com/store/30e7d3/products?query=nash-swimsuit"
"Nash Swimsuit","nash-swimsuit","LILAC / M","C11171933B302",39.00,29,15,10,67,"https://admin.shopify.com/store/30e7d3/products?query=nash-swimsuit"
"Nash Swimsuit","nash-swimsuit","LILAC / L","C11171933B303",39.00,29,15,10,67,"https://admin.shopify.com/store/30e7d3/products?query=nash-swimsuit"
"Nash Swimsuit","nash-swimsuit","LILAC / XL","C11171933B304",39.00,29,15,10,67,"https://admin.shopify.com/store/30e7d3/products?query=nash-swimsuit"
"Nash Swimsuit","nash-swimsuit","YELLOW / M","C111719331002",39.00,29,15,10,67,"https://admin.shopify.com/store/30e7d3/products?query=nash-swimsuit"
"Nash Swimsuit","nash-swimsuit","LIGHT BLUE / S","C111719330901",39.00,29,15,10,67,"https://admin.shopify.com/store/30e7d3/products?query=nash-swimsuit"
"Nash Swimsuit","nash-swimsuit","LIGHT BLUE / M","C111719330902",39.00,29,15,10,67,"https://admin.shopify.com/store/30e7d3/products?query=nash-swimsuit"
"Nash Swimsuit","nash-swimsuit","LIGHT BLUE / L","C111719330903",39.00,29,15,10,67,"https://admin.shopify.com/store/30e7d3/products?query=nash-swimsuit"
"Nash Swimsuit","nash-swimsuit","LIGHT BLUE / XL","C111719330904",39.00,29,15,10,67,"https://admin.shopify.com/store/30e7d3/products?query=nash-swimsuit"
"Nash Swimsuit","nash-swimsuit","LIGHT BLUE / XXL","C111719330905",39.00,29,15,10,67,"https://admin.shopify.com/store/30e7d3/products?query=nash-swimsuit"
"Logo Sneakers","logo-sneakers","BLACK / 40","C216316270740",57.00,7,12,8,67,"https://admin.shopify.com/store/30e7d3/products?query=logo-sneakers"
"Logo Sneakers","logo-sneakers","BLACK / 42","C216316270742",57.00,7,12,8,67,"https://admin.shopify.com/store/30e7d3/products?query=logo-sneakers"
"Logo Sneakers","logo-sneakers","BLACK / 44","C216316270744",57.00,7,12,8,67,"https://admin.shopify.com/store/30e7d3/products?query=logo-sneakers"
"Logo Sneakers","logo-sneakers","WHITE / 40","C216316271140",57.00,7,12,8,67,"https://admin.shopify.com/store/30e7d3/products?query=logo-sneakers"
"Logo Sneakers","logo-sneakers","WHITE / 41","C216316271141",57.00,7,12,8,67,"https://admin.shopify.com/store/30e7d3/products?query=logo-sneakers"
"Logo Sneakers","logo-sneakers","WHITE / 42","C216316271142",57.00,7,12,8,67,"https://admin.shopify.com/store/30e7d3/products?query=logo-sneakers"
"Logo Sneakers","logo-sneakers","WHITE / 43","C216316271143",57.00,7,12,8,67,"https://admin.shopify.com/store/30e7d3/products?query=logo-sneakers"
"Logo Sneakers","logo-sneakers","WHITE / 44","C216316271144",57.00,7,12,8,67,"https://admin.shopify.com/store/30e7d3/products?query=logo-sneakers"
"Texture Top","texture-top","BEIGE / S","112321035S",62.00,26,12,8,67,"https://admin.shopify.com/store/30e7d3/products?query=texture-top"
"Texture Top","texture-top","GREY / S","112321004S",62.00,26,12,8,67,"https://admin.shopify.com/store/30e7d3/products?query=texture-top"
"Texture Top","texture-top","GREY / XL","112321004XL",62.00,26,12,8,67,"https://admin.shopify.com/store/30e7d3/products?query=texture-top"
"Texture Top","texture-top","BLACK / S","112321007S",62.00,26,12,8,67,"https://admin.shopify.com/store/30e7d3/products?query=texture-top"
"Texture Top","texture-top","BLACK / M","112321007M",62.00,26,12,8,67,"https://admin.shopify.com/store/30e7d3/products?query=texture-top"
"Texture Top","texture-top","BLACK / L","112321007L",62.00,26,12,8,67,"https://admin.shopify.com/store/30e7d3/products?query=texture-top"
"Texture Top","texture-top","BLACK / XL","112321007XL",62.00,26,12,8,67,"https://admin.shopify.com/store/30e7d3/products?query=texture-top"
"Texture Top","texture-top","BEIGE / XL","112321035XL",62.00,26,12,8,67,"https://admin.shopify.com/store/30e7d3/products?query=texture-top"
"Johnny Sneakers","johnny-sneakers","GREY / 40","C216316260440",50.00,3,6,4,67,"https://admin.shopify.com/store/30e7d3/products?query=johnny-sneakers"
"Johnny Sneakers","johnny-sneakers","GREY / 41","C216316260441",50.00,3,6,4,67,"https://admin.shopify.com/store/30e7d3/products?query=johnny-sneakers"
"Johnny Sneakers","johnny-sneakers","GREY / 43","C216316260443",50.00,3,6,4,67,"https://admin.shopify.com/store/30e7d3/products?query=johnny-sneakers"
"Johnny Sneakers","johnny-sneakers","GREY / 45","C216316260445",50.00,3,6,4,67,"https://admin.shopify.com/store/30e7d3/products?query=johnny-sneakers"
"Nia Knit Skirt","nia-knit-skirt","CREAM / S","C125215241901",52.00,13,6,4,67,"https://admin.shopify.com/store/30e7d3/products?query=nia-knit-skirt"
"Nia Knit Skirt","nia-knit-skirt","GREEN / S","C125215240301",52.00,13,6,4,67,"https://admin.shopify.com/store/30e7d3/products?query=nia-knit-skirt"
"Nia Knit Skirt","nia-knit-skirt","BLUE / S","C125215240201",52.00,13,6,4,67,"https://admin.shopify.com/store/30e7d3/products?query=nia-knit-skirt"
"Nia Knit Skirt","nia-knit-skirt","BLUE / M","C125215240202",52.00,13,6,4,67,"https://admin.shopify.com/store/30e7d3/products?query=nia-knit-skirt"
"2 Pieces Rorri Dress","2-pieces-rorri-dress","BLUE / S","212211402S",83.00,4,3,2,67,"https://admin.shopify.com/store/30e7d3/products?query=2-pieces-rorri-dress"
"2 Pieces Rorri Dress","2-pieces-rorri-dress","BLUE / M","212211402M",83.00,4,3,2,67,"https://admin.shopify.com/store/30e7d3/products?query=2-pieces-rorri-dress"
"Arya Halter Mini Dress","arya-halter-mini-dress","BLACK / S","C125311080701",81.00,4,3,2,67,"https://admin.shopify.com/store/30e7d3/products?query=arya-halter-mini-dress"
"Arya Halter Mini Dress","arya-halter-mini-dress","BLACK / M","C125311080702",81.00,4,3,2,67,"https://admin.shopify.com/store/30e7d3/products?query=arya-halter-mini-dress"
"Chloe Dress","chloe-dress","WHITE / S","212212511S",97.00,4,3,2,67,"https://admin.shopify.com/store/30e7d3/products?query=chloe-dress"
"Chloe Dress","chloe-dress","WHITE / M","212212511M",97.00,4,3,2,67,"https://admin.shopify.com/store/30e7d3/products?query=chloe-dress"
"Harlow Mini Skirt","harlow-mini-skirt","BLACK / M","C125115080702",57.00,3,3,2,67,"https://admin.shopify.com/store/30e7d3/products?query=harlow-mini-skirt"
"Harlow Mini Skirt","harlow-mini-skirt","BLACK / L","C125115080703",57.00,3,3,2,67,"https://admin.shopify.com/store/30e7d3/products?query=harlow-mini-skirt"
"Marleigh Top","marleigh-top","BLACK / M","C125414110702",43.00,2,3,2,67,"https://admin.shopify.com/store/30e7d3/products?query=marleigh-top"
"Marleigh Top","marleigh-top","BLACK / L","C125414110703",43.00,2,3,2,67,"https://admin.shopify.com/store/30e7d3/products?query=marleigh-top"
"More Love T-Shirt","more-love-t-shirt","WHITE / S","212244211S",33.00,1,3,2,67,"https://admin.shopify.com/store/30e7d3/products?query=more-love-t-shirt"
"More Love T-Shirt","more-love-t-shirt","WHITE / M","212244211M",33.00,1,3,2,67,"https://admin.shopify.com/store/30e7d3/products?query=more-love-t-shirt"
"River Top Set","river-top-set","BLACK / S","212240907S",37.00,3,3,2,67,"https://admin.shopify.com/store/30e7d3/products?query=river-top-set"
"River Top Set","river-top-set","BLACK / M","212240907M",37.00,3,3,2,67,"https://admin.shopify.com/store/30e7d3/products?query=river-top-set"
"Sean Knit Sweater","sean-knit-sweater","BEIGE / S","122240435S",45.00,29,16,10,63,"https://admin.shopify.com/store/30e7d3/products?query=sean-knit-sweater"
"Sean Knit Sweater","sean-knit-sweater","BEIGE / M","122240435M",45.00,29,16,10,63,"https://admin.shopify.com/store/30e7d3/products?query=sean-knit-sweater"
"Sean Knit Sweater","sean-knit-sweater","BEIGE / L","122240435L",45.00,29,16,10,63,"https://admin.shopify.com/store/30e7d3/products?query=sean-knit-sweater"
"Sean Knit Sweater","sean-knit-sweater","BLUE / S","122240402S",45.00,29,16,10,63,"https://admin.shopify.com/store/30e7d3/products?query=sean-knit-sweater"
"Sean Knit Sweater","sean-knit-sweater","CREAM / S","122240419S",45.00,29,16,10,63,"https://admin.shopify.com/store/30e7d3/products?query=sean-knit-sweater"
"Sean Knit Sweater","sean-knit-sweater","CREAM / M","122240419M",45.00,29,16,10,63,"https://admin.shopify.com/store/30e7d3/products?query=sean-knit-sweater"
"Sean Knit Sweater","sean-knit-sweater","CREAM / L","122240419L",45.00,29,16,10,63,"https://admin.shopify.com/store/30e7d3/products?query=sean-knit-sweater"
"Sean Knit Sweater","sean-knit-sweater","GREY / S","122240404S",45.00,29,16,10,63,"https://admin.shopify.com/store/30e7d3/products?query=sean-knit-sweater"
"Sean Knit Sweater","sean-knit-sweater","GREY / M","122240404M",45.00,29,16,10,63,"https://admin.shopify.com/store/30e7d3/products?query=sean-knit-sweater"
"Sean Knit Sweater","sean-knit-sweater","GREY / L","122240404L",45.00,29,16,10,63,"https://admin.shopify.com/store/30e7d3/products?query=sean-knit-sweater"
"Alia Short Legging","alia-short-legging","BLACK / 36","C125213270736",40.00,29,8,5,63,"https://admin.shopify.com/store/30e7d3/products?query=alia-short-legging"
"Alia Short Legging","alia-short-legging","PINK / 36","C125213030836",40.00,29,8,5,63,"https://admin.shopify.com/store/30e7d3/products?query=alia-short-legging"
"Alia Short Legging","alia-short-legging","PINK / 38","C125213030838",40.00,29,8,5,63,"https://admin.shopify.com/store/30e7d3/products?query=alia-short-legging"
"Alia Short Legging","alia-short-legging","PINK / 40","C125213030840",40.00,29,8,5,63,"https://admin.shopify.com/store/30e7d3/products?query=alia-short-legging"
"Alia Short Legging","alia-short-legging","PINK / 42","C125213030842",40.00,29,8,5,63,"https://admin.shopify.com/store/30e7d3/products?query=alia-short-legging"
"Mac Pants","mac-pants","BLACK / S","112380307S",76.00,9,8,5,63,"https://admin.shopify.com/store/30e7d3/products?query=mac-pants"
"Mac Pants","mac-pants","BLACK / M","112380307M",76.00,9,8,5,63,"https://admin.shopify.com/store/30e7d3/products?query=mac-pants"
"Mac Pants","mac-pants","BLACK / L","112380307L",76.00,9,8,5,63,"https://admin.shopify.com/store/30e7d3/products?query=mac-pants"
"Mac Pants","mac-pants","CREAM / L","112380319L",76.00,9,8,5,63,"https://admin.shopify.com/store/30e7d3/products?query=mac-pants"
"Mac Pants","mac-pants","CREAM / S","112380319S",76.00,9,8,5,63,"https://admin.shopify.com/store/30e7d3/products?query=mac-pants"
"Mason Jeans","mason-jeans","BLACK / 30","C111710760730",89.00,17,8,5,63,"https://admin.shopify.com/store/30e7d3/products?query=mason-jeans"
"Mason Jeans","mason-jeans","BLACK / 33","C111710760733",89.00,17,8,5,63,"https://admin.shopify.com/store/30e7d3/products?query=mason-jeans"
"Mason Jeans","mason-jeans","BLACK / 34","C111710760734",89.00,17,8,5,63,"https://admin.shopify.com/store/30e7d3/products?query=mason-jeans"
"Mason Jeans","mason-jeans","BLACK / 36","C111710760736",89.00,17,8,5,63,"https://admin.shopify.com/store/30e7d3/products?query=mason-jeans"
"Mason Jeans","mason-jeans","BLACK / 38","C111710760738",89.00,17,8,5,63,"https://admin.shopify.com/store/30e7d3/products?query=mason-jeans"
"Smile More Hoodie","smile-more-hoodie","BLACK / S","122223507S",79.00,11,8,5,63,"https://admin.shopify.com/store/30e7d3/products?query=smile-more-hoodie"
"Smile More Hoodie","smile-more-hoodie","BLACK / L","122223507L",79.00,11,8,5,63,"https://admin.shopify.com/store/30e7d3/products?query=smile-more-hoodie"
"Smile More Hoodie","smile-more-hoodie","BROWN / M","122223505M",79.00,11,8,5,63,"https://admin.shopify.com/store/30e7d3/products?query=smile-more-hoodie"
"Smile More Hoodie","smile-more-hoodie","BROWN / XL","122223505XL",79.00,11,8,5,63,"https://admin.shopify.com/store/30e7d3/products?query=smile-more-hoodie"
"Smile More Hoodie","smile-more-hoodie","BLACK / XL","122223507XL",79.00,11,8,5,63,"https://admin.shopify.com/store/30e7d3/products?query=smile-more-hoodie"
"Smile Tank Top","smile-tank-top","LILAC / S","1122217B3S",44.00,8,8,5,63,"https://admin.shopify.com/store/30e7d3/products?query=smile-tank-top"
"Smile Tank Top","smile-tank-top","LILAC / M","1122217B3M",44.00,8,8,5,63,"https://admin.shopify.com/store/30e7d3/products?query=smile-tank-top"
"Smile Tank Top","smile-tank-top","WHITE / S","112221711S",44.00,8,8,5,63,"https://admin.shopify.com/store/30e7d3/products?query=smile-tank-top"
"Smile Tank Top","smile-tank-top","WHITE / M","112221711M",44.00,8,8,5,63,"https://admin.shopify.com/store/30e7d3/products?query=smile-tank-top"
"Smile Tank Top","smile-tank-top","WHITE / L","112221711L",44.00,8,8,5,63,"https://admin.shopify.com/store/30e7d3/products?query=smile-tank-top"
"Successful Tank","successful-tank","BLACK / S","C111212430701",34.00,20,15,9,60,"https://admin.shopify.com/store/30e7d3/products?query=successful-tank"
"Successful Tank","successful-tank","BLACK / L","C111212430703",34.00,20,15,9,60,"https://admin.shopify.com/store/30e7d3/products?query=successful-tank"
"Successful Tank","successful-tank","BLACK / XL","C111212430704",34.00,20,15,9,60,"https://admin.shopify.com/store/30e7d3/products?query=successful-tank"
"Successful Tank","successful-tank","WHITE / S","C111212431101",34.00,20,15,9,60,"https://admin.shopify.com/store/30e7d3/products?query=successful-tank"
"Successful Tank","successful-tank","WHITE / M","C111212431102",34.00,20,15,9,60,"https://admin.shopify.com/store/30e7d3/products?query=successful-tank"
"Successful Tank","successful-tank","RED / S","C111212430101",34.00,20,15,9,60,"https://admin.shopify.com/store/30e7d3/products?query=successful-tank"
"Successful Tank","successful-tank","RED / M","C111212430102",34.00,20,15,9,60,"https://admin.shopify.com/store/30e7d3/products?query=successful-tank"
"Successful Tank","successful-tank","RED / L","C111212430103",34.00,20,15,9,60,"https://admin.shopify.com/store/30e7d3/products?query=successful-tank"
"Successful Tank","successful-tank","RED / XL","C111212430104",34.00,20,15,9,60,"https://admin.shopify.com/store/30e7d3/products?query=successful-tank"
"Reflect Your Style T-Shirt","reflect-your-style-t-shirt","MINK / S","C11121404B401",44.00,30,10,6,60,"https://admin.shopify.com/store/30e7d3/products?query=reflect-your-style-t-shirt"
"Reflect Your Style T-Shirt","reflect-your-style-t-shirt","BLACK / S","C111214040701",44.00,30,10,6,60,"https://admin.shopify.com/store/30e7d3/products?query=reflect-your-style-t-shirt"
"Reflect Your Style T-Shirt","reflect-your-style-t-shirt","BLACK / M","C111214040702",44.00,30,10,6,60,"https://admin.shopify.com/store/30e7d3/products?query=reflect-your-style-t-shirt"
"Reflect Your Style T-Shirt","reflect-your-style-t-shirt","BLACK / L","C111214040703",44.00,30,10,6,60,"https://admin.shopify.com/store/30e7d3/products?query=reflect-your-style-t-shirt"
"Reflect Your Style T-Shirt","reflect-your-style-t-shirt","BLACK / XL","C111214040704",44.00,30,10,6,60,"https://admin.shopify.com/store/30e7d3/products?query=reflect-your-style-t-shirt"
"Reflect Your Style T-Shirt","reflect-your-style-t-shirt","BLACK / XXL","C111214040705",44.00,30,10,6,60,"https://admin.shopify.com/store/30e7d3/products?query=reflect-your-style-t-shirt"
"Jerry Puffer Coat","jerry-puffer-coat","BLACK / S","122223007S",110.00,3,5,3,60,"https://admin.shopify.com/store/30e7d3/products?query=jerry-puffer-coat"
"Jerry Puffer Coat","jerry-puffer-coat","BLACK / M","122223007M",110.00,3,5,3,60,"https://admin.shopify.com/store/30e7d3/products?query=jerry-puffer-coat"
"Jerry Puffer Coat","jerry-puffer-coat","BLACK / XL","122223007XL",110.00,3,5,3,60,"https://admin.shopify.com/store/30e7d3/products?query=jerry-puffer-coat"
"Zipper Sneakers","zipper-sneakers","BLACK / 40","C216316300740",52.00,12,12,7,58,"https://admin.shopify.com/store/30e7d3/products?query=zipper-sneakers"
"Zipper Sneakers","zipper-sneakers","BLACK / 41","C216316300741",52.00,12,12,7,58,"https://admin.shopify.com/store/30e7d3/products?query=zipper-sneakers"
"Zipper Sneakers","zipper-sneakers","BLACK / 42","C216316300742",52.00,12,12,7,58,"https://admin.shopify.com/store/30e7d3/products?query=zipper-sneakers"
"Zipper Sneakers","zipper-sneakers","BLACK / 43","C216316300743",52.00,12,12,7,58,"https://admin.shopify.com/store/30e7d3/products?query=zipper-sneakers"
"Zipper Sneakers","zipper-sneakers","WHITE / 41","C216316301141",52.00,12,12,7,58,"https://admin.shopify.com/store/30e7d3/products?query=zipper-sneakers"
"Zipper Sneakers","zipper-sneakers","WHITE / 42","C216316301142",52.00,12,12,7,58,"https://admin.shopify.com/store/30e7d3/products?query=zipper-sneakers"
"Zipper Sneakers","zipper-sneakers","WHITE / 43","C216316301143",52.00,12,12,7,58,"https://admin.shopify.com/store/30e7d3/products?query=zipper-sneakers"
"Carlos Jeans","carlos-jeans","WHITE / 30","12220621130",98.00,15,7,4,57,"https://admin.shopify.com/store/30e7d3/products?query=carlos-jeans"
"Carlos Jeans","carlos-jeans","WHITE / 34","12220621134",98.00,15,7,4,57,"https://admin.shopify.com/store/30e7d3/products?query=carlos-jeans"
"Carlos Jeans","carlos-jeans","WHITE / 36","12220621136",98.00,15,7,4,57,"https://admin.shopify.com/store/30e7d3/products?query=carlos-jeans"
"Carlos Jeans","carlos-jeans","WHITE / 38","12220621138",98.00,15,7,4,57,"https://admin.shopify.com/store/30e7d3/products?query=carlos-jeans"
"Dax Jeans","dax-jeans","BLUE WASHED / 29","C11111021C229",102.00,4,7,4,57,"https://admin.shopify.com/store/30e7d3/products?query=dax-jeans"
"Dax Jeans","dax-jeans","BLUE WASHED / 30","C11111021C230",102.00,4,7,4,57,"https://admin.shopify.com/store/30e7d3/products?query=dax-jeans"
"Dax Jeans","dax-jeans","BLUE WASHED / 33","C11111021C233",102.00,4,7,4,57,"https://admin.shopify.com/store/30e7d3/products?query=dax-jeans"
"Dax Jeans","dax-jeans","BLUE WASHED / 34","C11111021C234",102.00,4,7,4,57,"https://admin.shopify.com/store/30e7d3/products?query=dax-jeans"
"Elliott Jeans","elliott-jeans","WHITE / 30","12220641130",98.00,26,7,4,57,"https://admin.shopify.com/store/30e7d3/products?query=elliott-jeans"
"Elliott Jeans","elliott-jeans","WHITE / 34","12220641134",98.00,26,7,4,57,"https://admin.shopify.com/store/30e7d3/products?query=elliott-jeans"
"Elliott Jeans","elliott-jeans","WHITE / 36","12220641136",98.00,26,7,4,57,"https://admin.shopify.com/store/30e7d3/products?query=elliott-jeans"
"Elliott Jeans","elliott-jeans","WHITE / 38","12220641138",98.00,26,7,4,57,"https://admin.shopify.com/store/30e7d3/products?query=elliott-jeans"
"Hunter Denim Shorts","hunter-denim-shorts","LIGHT GREY / 30","11233098630",67.00,11,7,4,57,"https://admin.shopify.com/store/30e7d3/products?query=hunter-denim-shorts"
"Hunter Denim Shorts","hunter-denim-shorts","LIGHT GREY / 32","11233098632",67.00,11,7,4,57,"https://admin.shopify.com/store/30e7d3/products?query=hunter-denim-shorts"
"Hunter Denim Shorts","hunter-denim-shorts","LIGHT GREY / 36","11233098636",67.00,11,7,4,57,"https://admin.shopify.com/store/30e7d3/products?query=hunter-denim-shorts"
"Hunter Denim Shorts","hunter-denim-shorts","LIGHT GREY / 38","11233098638",67.00,11,7,4,57,"https://admin.shopify.com/store/30e7d3/products?query=hunter-denim-shorts"
"Samuel Denim Shorts","samuel-denim-shorts","BLACK WASHED / 30","1123303C730",65.00,11,7,4,57,"https://admin.shopify.com/store/30e7d3/products?query=samuel-denim-shorts"
"Samuel Denim Shorts","samuel-denim-shorts","BLACK WASHED / 31","1123303C731",65.00,11,7,4,57,"https://admin.shopify.com/store/30e7d3/products?query=samuel-denim-shorts"
"Samuel Denim Shorts","samuel-denim-shorts","BLACK WASHED / 32","1123303C732",65.00,11,7,4,57,"https://admin.shopify.com/store/30e7d3/products?query=samuel-denim-shorts"
"Samuel Denim Shorts","samuel-denim-shorts","BLACK WASHED / 34","1123303C734",65.00,11,7,4,57,"https://admin.shopify.com/store/30e7d3/products?query=samuel-denim-shorts"
"Wade Denim Shorts","wade-denim-shorts","BLUE WASHED / 29","C11111345C229",58.00,10,7,4,57,"https://admin.shopify.com/store/30e7d3/products?query=wade-denim-shorts"
"Wade Denim Shorts","wade-denim-shorts","BLUE WASHED / 33","C11111345C233",58.00,10,7,4,57,"https://admin.shopify.com/store/30e7d3/products?query=wade-denim-shorts"
"Wade Denim Shorts","wade-denim-shorts","BLUE WASHED / 34","C11111345C234",58.00,10,7,4,57,"https://admin.shopify.com/store/30e7d3/products?query=wade-denim-shorts"
"Wade Denim Shorts","wade-denim-shorts","BLUE WASHED / 36","C11111345C236",58.00,10,7,4,57,"https://admin.shopify.com/store/30e7d3/products?query=wade-denim-shorts"
"Furry Slippers","furry-slippers","GREY / 36","C125916060436",20.00,19,15,8,53,"https://admin.shopify.com/store/30e7d3/products?query=furry-slippers"
"Furry Slippers","furry-slippers","GREY / 37","C125916060437",20.00,19,15,8,53,"https://admin.shopify.com/store/30e7d3/products?query=furry-slippers"
"Furry Slippers","furry-slippers","BLACK / 37","C125916060737",20.00,19,15,8,53,"https://admin.shopify.com/store/30e7d3/products?query=furry-slippers"
"Furry Slippers","furry-slippers","BLACK / 39","C125916060739",20.00,19,15,8,53,"https://admin.shopify.com/store/30e7d3/products?query=furry-slippers"
"Furry Slippers","furry-slippers","GREY / 39","C125916060439",20.00,19,15,8,53,"https://admin.shopify.com/store/30e7d3/products?query=furry-slippers"
"Furry Slippers","furry-slippers","BLUE / 40","C125916060240",20.00,19,15,8,53,"https://admin.shopify.com/store/30e7d3/products?query=furry-slippers"
"Furry Slippers","furry-slippers","GREY / 40","C125916060440",20.00,19,15,8,53,"https://admin.shopify.com/store/30e7d3/products?query=furry-slippers"
"Furry Slippers","furry-slippers","BLACK / 40","C125916060740",20.00,19,15,8,53,"https://admin.shopify.com/store/30e7d3/products?query=furry-slippers"
"Revolution T-Shirt","revolution-t-shirt","RED / S","C111214130101",42.00,20,15,8,53,"https://admin.shopify.com/store/30e7d3/products?query=revolution-t-shirt"
"Revolution T-Shirt","revolution-t-shirt","RED / M","C111214130102",42.00,20,15,8,53,"https://admin.shopify.com/store/30e7d3/products?query=revolution-t-shirt"
"Revolution T-Shirt","revolution-t-shirt","RED / L","C111214130103",42.00,20,15,8,53,"https://admin.shopify.com/store/30e7d3/products?query=revolution-t-shirt"
"Revolution T-Shirt","revolution-t-shirt","RED / XL","C111214130104",42.00,20,15,8,53,"https://admin.shopify.com/store/30e7d3/products?query=revolution-t-shirt"
"Revolution T-Shirt","revolution-t-shirt","BLACK / S","C111214130701",42.00,20,15,8,53,"https://admin.shopify.com/store/30e7d3/products?query=revolution-t-shirt"
"Revolution T-Shirt","revolution-t-shirt","BLACK / M","C111214130702",42.00,20,15,8,53,"https://admin.shopify.com/store/30e7d3/products?query=revolution-t-shirt"
"Revolution T-Shirt","revolution-t-shirt","BLACK / L","C111214130703",42.00,20,15,8,53,"https://admin.shopify.com/store/30e7d3/products?query=revolution-t-shirt"
"Revolution T-Shirt","revolution-t-shirt","BLACK / XXL","C111214130705",42.00,20,15,8,53,"https://admin.shopify.com/store/30e7d3/products?query=revolution-t-shirt"
"Shoes AK","shoes-ak","BLACK / 40","C216316350740",53.00,14,12,6,50,"https://admin.shopify.com/store/30e7d3/products?query=shoes-ak"
"Shoes AK","shoes-ak","BLACK / 41","C216316350741",53.00,14,12,6,50,"https://admin.shopify.com/store/30e7d3/products?query=shoes-ak"
"Shoes AK","shoes-ak","WHITE / 40","C216316351140",53.00,14,12,6,50,"https://admin.shopify.com/store/30e7d3/products?query=shoes-ak"
"Shoes AK","shoes-ak","WHITE / 41","C216316351141",53.00,14,12,6,50,"https://admin.shopify.com/store/30e7d3/products?query=shoes-ak"
"Shoes AK","shoes-ak","WHITE / 42","C216316351142",53.00,14,12,6,50,"https://admin.shopify.com/store/30e7d3/products?query=shoes-ak"
"Shoes AK","shoes-ak","WHITE / 43","C216316351143",53.00,14,12,6,50,"https://admin.shopify.com/store/30e7d3/products?query=shoes-ak"
"Challenge T-Shirt","challenge-t-shirt","BLACK / S","112545007S",66.00,7,10,5,50,"https://admin.shopify.com/store/30e7d3/products?query=challenge-t-shirt"
"Challenge T-Shirt","challenge-t-shirt","BLACK / M","112545007M",66.00,7,10,5,50,"https://admin.shopify.com/store/30e7d3/products?query=challenge-t-shirt"
"Challenge T-Shirt","challenge-t-shirt","BLACK / L","112545007L",66.00,7,10,5,50,"https://admin.shopify.com/store/30e7d3/products?query=challenge-t-shirt"
"Challenge T-Shirt","challenge-t-shirt","GREY / S","112545004S",66.00,7,10,5,50,"https://admin.shopify.com/store/30e7d3/products?query=challenge-t-shirt"
"Challenge T-Shirt","challenge-t-shirt","GREY / M","112545004M",66.00,7,10,5,50,"https://admin.shopify.com/store/30e7d3/products?query=challenge-t-shirt"
"Choices T-Shirt","choices-t-shirt","BLACK / S","C111214390701",45.00,29,10,5,50,"https://admin.shopify.com/store/30e7d3/products?query=choices-t-shirt"
"Choices T-Shirt","choices-t-shirt","BLACK / M","C111214390702",45.00,29,10,5,50,"https://admin.shopify.com/store/30e7d3/products?query=choices-t-shirt"
"Choices T-Shirt","choices-t-shirt","BLACK / L","C111214390703",45.00,29,10,5,50,"https://admin.shopify.com/store/30e7d3/products?query=choices-t-shirt"
"Choices T-Shirt","choices-t-shirt","WHITE / S","C111214391101",45.00,29,10,5,50,"https://admin.shopify.com/store/30e7d3/products?query=choices-t-shirt"
"Choices T-Shirt","choices-t-shirt","WHITE / M","C111214391102",45.00,29,10,5,50,"https://admin.shopify.com/store/30e7d3/products?query=choices-t-shirt"
"Star Mid Shoes","star-mid-shoes","BLACK / 36","C125916040736",72.00,16,10,5,50,"https://admin.shopify.com/store/30e7d3/products?query=star-mid-shoes"
"Star Mid Shoes","star-mid-shoes","BLACK / 40","C125916040740",72.00,16,10,5,50,"https://admin.shopify.com/store/30e7d3/products?query=star-mid-shoes"
"Star Mid Shoes","star-mid-shoes","WHITE / 36","C125916041136",72.00,16,10,5,50,"https://admin.shopify.com/store/30e7d3/products?query=star-mid-shoes"
"Star Mid Shoes","star-mid-shoes","WHITE / 39","C125916041139",72.00,16,10,5,50,"https://admin.shopify.com/store/30e7d3/products?query=star-mid-shoes"
"Star Mid Shoes","star-mid-shoes","WHITE / 40","C125916041140",72.00,16,10,5,50,"https://admin.shopify.com/store/30e7d3/products?query=star-mid-shoes"
"Summer Rain Tank","summer-rain-tank","BLACK / S","C111212450701",34.00,20,10,5,50,"https://admin.shopify.com/store/30e7d3/products?query=summer-rain-tank"
"Summer Rain Tank","summer-rain-tank","BLACK / M","C111212450702",34.00,20,10,5,50,"https://admin.shopify.com/store/30e7d3/products?query=summer-rain-tank"
"Summer Rain Tank","summer-rain-tank","BLACK / L","C111212450703",34.00,20,10,5,50,"https://admin.shopify.com/store/30e7d3/products?query=summer-rain-tank"
"Summer Rain Tank","summer-rain-tank","WHITE / M","C111212451102",34.00,20,10,5,50,"https://admin.shopify.com/store/30e7d3/products?query=summer-rain-tank"
"Summer Rain Tank","summer-rain-tank","WHITE / L","C111212451103",34.00,20,10,5,50,"https://admin.shopify.com/store/30e7d3/products?query=summer-rain-tank"
"Trace T-Shirt","trace-t-shirt","BLACK / S","C111214210701",44.00,63,10,5,50,"https://admin.shopify.com/store/30e7d3/products?query=trace-t-shirt"
"Trace T-Shirt","trace-t-shirt","BLACK / M","C111214210702",44.00,63,10,5,50,"https://admin.shopify.com/store/30e7d3/products?query=trace-t-shirt"
"Trace T-Shirt","trace-t-shirt","BLACK / L","C111214210703",44.00,63,10,5,50,"https://admin.shopify.com/store/30e7d3/products?query=trace-t-shirt"
"Trace T-Shirt","trace-t-shirt","BLACK / XL","C111214210704",44.00,63,10,5,50,"https://admin.shopify.com/store/30e7d3/products?query=trace-t-shirt"
"Trace T-Shirt","trace-t-shirt","WHITE / S","C111214211101",44.00,63,10,5,50,"https://admin.shopify.com/store/30e7d3/products?query=trace-t-shirt"
"Chaos Hoodie Set","chaos-hoodie-set","BLACK / S","122221607S",74.00,18,8,4,50,"https://admin.shopify.com/store/30e7d3/products?query=chaos-hoodie-set"
"Chaos Hoodie Set","chaos-hoodie-set","BLACK / M","122221607M",74.00,18,8,4,50,"https://admin.shopify.com/store/30e7d3/products?query=chaos-hoodie-set"
"Chaos Hoodie Set","chaos-hoodie-set","BLACK / L","122221607L",74.00,18,8,4,50,"https://admin.shopify.com/store/30e7d3/products?query=chaos-hoodie-set"
"Chaos Hoodie Set","chaos-hoodie-set","WHITE / S","122221611S",74.00,18,8,4,50,"https://admin.shopify.com/store/30e7d3/products?query=chaos-hoodie-set"
"Chester Pants","chester-pants","BEIGE / S","122280735S",89.00,16,8,4,50,"https://admin.shopify.com/store/30e7d3/products?query=chester-pants"
"Chester Pants","chester-pants","BEIGE / M","122280735M",89.00,16,8,4,50,"https://admin.shopify.com/store/30e7d3/products?query=chester-pants"
"Chester Pants","chester-pants","TURQUOISE / S","122280712S",89.00,16,8,4,50,"https://admin.shopify.com/store/30e7d3/products?query=chester-pants"
"Chester Pants","chester-pants","TURQUOISE / M","122280712M",89.00,16,8,4,50,"https://admin.shopify.com/store/30e7d3/products?query=chester-pants"
"Jaxx Jeans","jaxx-jeans","BLUE WASHED / 33","C11171063C233",93.00,10,8,4,50,"https://admin.shopify.com/store/30e7d3/products?query=jaxx-jeans"
"Jaxx Jeans","jaxx-jeans","BLUE WASHED / 34","C11171063C234",93.00,10,8,4,50,"https://admin.shopify.com/store/30e7d3/products?query=jaxx-jeans"
"Jaxx Jeans","jaxx-jeans","BLUE WASHED / 36","C11171063C236",93.00,10,8,4,50,"https://admin.shopify.com/store/30e7d3/products?query=jaxx-jeans"
"Jaxx Jeans","jaxx-jeans","BLUE WASHED / 38","C11171063C238",93.00,10,8,4,50,"https://admin.shopify.com/store/30e7d3/products?query=jaxx-jeans"
"Zayn Jeans","zayn-jeans","GREY / 29","C111710700229",91.00,13,8,4,50,"https://admin.shopify.com/store/30e7d3/products?query=zayn-jeans"
"Zayn Jeans","zayn-jeans","GREY / 34","C111710700234",91.00,13,8,4,50,"https://admin.shopify.com/store/30e7d3/products?query=zayn-jeans"
"Zayn Jeans","zayn-jeans","GREY / 36","C111710700236",91.00,13,8,4,50,"https://admin.shopify.com/store/30e7d3/products?query=zayn-jeans"
"Zayn Jeans","zayn-jeans","GREY / 38","C111710700238",91.00,13,8,4,50,"https://admin.shopify.com/store/30e7d3/products?query=zayn-jeans"
"Brooklyn Tee","brooklyn-tee","GRAY / S",,38.00,23,6,3,50,"https://admin.shopify.com/store/30e7d3/products?query=brooklyn-tee"
"Brooklyn Tee","brooklyn-tee","GRAY / M",,38.00,23,6,3,50,"https://admin.shopify.com/store/30e7d3/products?query=brooklyn-tee"
"Brooklyn Tee","brooklyn-tee","GRAY / L",,38.00,23,6,3,50,"https://admin.shopify.com/store/30e7d3/products?query=brooklyn-tee"
"Harmoni Bodysuit","harmoni-bodysuit","BEIGE / L","C125417123503",64.00,3,6,3,50,"https://admin.shopify.com/store/30e7d3/products?query=harmoni-bodysuit"
"Harmoni Bodysuit","harmoni-bodysuit","BLACK / M","C125417120702",64.00,3,6,3,50,"https://admin.shopify.com/store/30e7d3/products?query=harmoni-bodysuit"
"Harmoni Bodysuit","harmoni-bodysuit","BLACK / S","C125417120701",64.00,3,6,3,50,"https://admin.shopify.com/store/30e7d3/products?query=harmoni-bodysuit"
"Jaylah Oversized Shirt","jaylah-oversized-shirt","WHITE / S","C125414131101",48.00,9,6,3,50,"https://admin.shopify.com/store/30e7d3/products?query=jaylah-oversized-shirt"
"Jaylah Oversized Shirt","jaylah-oversized-shirt","WHITE / M","C125414131102",48.00,9,6,3,50,"https://admin.shopify.com/store/30e7d3/products?query=jaylah-oversized-shirt"
"Jaylah Oversized Shirt","jaylah-oversized-shirt","WHITE / L","C125414131103",48.00,9,6,3,50,"https://admin.shopify.com/store/30e7d3/products?query=jaylah-oversized-shirt"
"Millie Dress","millie-dress","BLACK / M","212211107M",59.00,7,6,3,50,"https://admin.shopify.com/store/30e7d3/products?query=millie-dress"
"Millie Dress","millie-dress","BEIGE / S","212211111S",59.00,7,6,3,50,"https://admin.shopify.com/store/30e7d3/products?query=millie-dress"
"Millie Dress","millie-dress","BEIGE / M","212211111M",59.00,7,6,3,50,"https://admin.shopify.com/store/30e7d3/products?query=millie-dress"
"Natalie Top Set","natalie-top-set","PINK / S","212241108S",52.00,19,6,3,50,"https://admin.shopify.com/store/30e7d3/products?query=natalie-top-set"
"Natalie Top Set","natalie-top-set","WHITE / S","212241111S",52.00,19,6,3,50,"https://admin.shopify.com/store/30e7d3/products?query=natalie-top-set"
"Natalie Top Set","natalie-top-set","WHITE / M","212241111M",52.00,19,6,3,50,"https://admin.shopify.com/store/30e7d3/products?query=natalie-top-set"
"73 Shorts Set","73-shorts-set","GREY / S","112530604S",63.00,2,4,2,50,"https://admin.shopify.com/store/30e7d3/products?query=73-shorts-set"
"73 Shorts Set","73-shorts-set","GREY / M","112530604M",63.00,2,4,2,50,"https://admin.shopify.com/store/30e7d3/products?query=73-shorts-set"
"73 T-Shirt Set","73-t-shirt-set","GREY / S","112540604S",63.00,2,4,2,50,"https://admin.shopify.com/store/30e7d3/products?query=73-t-shirt-set"
"73 T-Shirt Set","73-t-shirt-set","GREY / L","112540604L",63.00,2,4,2,50,"https://admin.shopify.com/store/30e7d3/products?query=73-t-shirt-set"
"Amani Bodysuit","amani-bodysuit","NUDE / M","C12581709A802",73.00,3,4,2,50,"https://admin.shopify.com/store/30e7d3/products?query=amani-bodysuit"
"Amani Bodysuit","amani-bodysuit","NUDE / L","C12581709A803",73.00,3,4,2,50,"https://admin.shopify.com/store/30e7d3/products?query=amani-bodysuit"
"Ashton Denim Jacket","ashton-denim-jacket","WHITE / S","122236111S",112.00,3,4,2,50,"https://admin.shopify.com/store/30e7d3/products?query=ashton-denim-jacket"
"Ashton Denim Jacket","ashton-denim-jacket","WHITE / L","122236111L",112.00,3,4,2,50,"https://admin.shopify.com/store/30e7d3/products?query=ashton-denim-jacket"
"Blind Frame Bottom","blind-frame-bottom","BLACK / S","C111128590701",66.00,3,4,2,50,"https://admin.shopify.com/store/30e7d3/products?query=blind-frame-bottom"
"Blind Frame Bottom","blind-frame-bottom","BLACK / XL","C111128590704",66.00,3,4,2,50,"https://admin.shopify.com/store/30e7d3/products?query=blind-frame-bottom"
"Cube Hoodie","cube-hoodie","WHITE / S","122221911S",70.00,17,4,2,50,"https://admin.shopify.com/store/30e7d3/products?query=cube-hoodie"
"Cube Hoodie","cube-hoodie","WHITE / L","122221911L",70.00,17,4,2,50,"https://admin.shopify.com/store/30e7d3/products?query=cube-hoodie"
"Daniel Pants","daniel-pants","BLACK / S","122283807S",83.00,7,4,2,50,"https://admin.shopify.com/store/30e7d3/products?query=daniel-pants"
"Daniel Pants","daniel-pants","BLACK / M","122283807M",83.00,7,4,2,50,"https://admin.shopify.com/store/30e7d3/products?query=daniel-pants"
"Dream Top Set","dream-top-set","PRINT / L","1124415H4L",68.00,6,4,2,50,"https://admin.shopify.com/store/30e7d3/products?query=dream-top-set"
"Dream Top Set","dream-top-set","PRINT / XL","1124415H4XL",68.00,6,4,2,50,"https://admin.shopify.com/store/30e7d3/products?query=dream-top-set"
"Eden One-Button Jacket","eden-one-button-jacket","WHITE / XS","C125212341100",45.00,5,4,2,50,"https://admin.shopify.com/store/30e7d3/products?query=eden-one-button-jacket"
"Eden One-Button Jacket","eden-one-button-jacket","WHITE / S","C125212341101",45.00,5,4,2,50,"https://admin.shopify.com/store/30e7d3/products?query=eden-one-button-jacket"
"Freya Pant","freya-pant","WHITE / 36","C125218371136",56.00,3,4,2,50,"https://admin.shopify.com/store/30e7d3/products?query=freya-pant"
"Freya Pant","freya-pant","WHITE / 38","C125218371138",56.00,3,4,2,50,"https://admin.shopify.com/store/30e7d3/products?query=freya-pant"
"I AM Hoodie","i-am-hoodie","WHITE / S","122221311S",76.00,14,4,2,50,"https://admin.shopify.com/store/30e7d3/products?query=i-am-hoodie"
"I AM Hoodie","i-am-hoodie","WHITE / XL","122221311XL",76.00,14,4,2,50,"https://admin.shopify.com/store/30e7d3/products?query=i-am-hoodie"
"Jolie Denim Jacket","jolie-denim-jacket","BLUE WASHED / S","C12171212C201",83.00,8,4,2,50,"https://admin.shopify.com/store/30e7d3/products?query=jolie-denim-jacket"
"Jolie Denim Jacket","jolie-denim-jacket","BLUE WASHED / M","C12171212C202",83.00,8,4,2,50,"https://admin.shopify.com/store/30e7d3/products?query=jolie-denim-jacket"
"Not Now Pants","not-now-pants","BLACK / S","122280807S",86.00,7,4,2,50,"https://admin.shopify.com/store/30e7d3/products?query=not-now-pants"
"Not Now Pants","not-now-pants","BLACK / M","122280807M",86.00,7,4,2,50,"https://admin.shopify.com/store/30e7d3/products?query=not-now-pants"
"Womens Long Denim Jeans I","womens-long-denim-jeans-i","BLUE WASHED / L","C12171018C203",85.00,2,4,2,50,"https://admin.shopify.com/store/30e7d3/products?query=womens-long-denim-jeans-i"
"Womens Long Denim Jeans I","womens-long-denim-jeans-i","BLUE WASHED / XL","C12171018C204",85.00,2,4,2,50,"https://admin.shopify.com/store/30e7d3/products?query=womens-long-denim-jeans-i"
"Don't Care Mesh Hat","don-t-care-mesh-hat","BLACK / OS","C216519610711",32.00,1,2,1,50,"https://admin.shopify.com/store/30e7d3/products?query=don-t-care-mesh-hat"
"Imagin Hat","imagin-hat","BLACK/NEON / OS","C21651962E811",32.00,1,2,1,50,"https://admin.shopify.com/store/30e7d3/products?query=imagin-hat"
"Elodie Jogger Set","elodie-jogger-set","BLACK / S","C125428060701",49.00,15,15,7,47,"https://admin.shopify.com/store/30e7d3/products?query=elodie-jogger-set"
"Elodie Jogger Set","elodie-jogger-set","LILAC / L","C12542808B303",49.00,15,15,7,47,"https://admin.shopify.com/store/30e7d3/products?query=elodie-jogger-set"
"Elodie Jogger Set","elodie-jogger-set","PINK / S","C125428060801",49.00,15,15,7,47,"https://admin.shopify.com/store/30e7d3/products?query=elodie-jogger-set"
"Elodie Jogger Set","elodie-jogger-set","PINK / M","C125428060802",49.00,15,15,7,47,"https://admin.shopify.com/store/30e7d3/products?query=elodie-jogger-set"
"Elodie Jogger Set","elodie-jogger-set","STONE / S","C125428064801",49.00,15,15,7,47,"https://admin.shopify.com/store/30e7d3/products?query=elodie-jogger-set"
"Elodie Jogger Set","elodie-jogger-set","STONE / M","C125428064802",49.00,15,15,7,47,"https://admin.shopify.com/store/30e7d3/products?query=elodie-jogger-set"
"Elodie Jogger Set","elodie-jogger-set","WHITE / S","C125428061101",49.00,15,15,7,47,"https://admin.shopify.com/store/30e7d3/products?query=elodie-jogger-set"
"Ian Pants Set","ian-pants-set","ARMY / S","122283372S",75.00,35,16,7,44,"https://admin.shopify.com/store/30e7d3/products?query=ian-pants-set"
"Ian Pants Set","ian-pants-set","ARMY / L","122283372L",75.00,35,16,7,44,"https://admin.shopify.com/store/30e7d3/products?query=ian-pants-set"
"Ian Pants Set","ian-pants-set","BLACK / S","122283307S",75.00,35,16,7,44,"https://admin.shopify.com/store/30e7d3/products?query=ian-pants-set"
"Ian Pants Set","ian-pants-set","BLACK / XL","122283307XL",75.00,35,16,7,44,"https://admin.shopify.com/store/30e7d3/products?query=ian-pants-set"
"Ian Pants Set","ian-pants-set","BROWN / S","122283305S",75.00,35,16,7,44,"https://admin.shopify.com/store/30e7d3/products?query=ian-pants-set"
"Ian Pants Set","ian-pants-set","BROWN / L","122283305L",75.00,35,16,7,44,"https://admin.shopify.com/store/30e7d3/products?query=ian-pants-set"
"Ian Pants Set","ian-pants-set","WHITE / S","122283311S",75.00,35,16,7,44,"https://admin.shopify.com/store/30e7d3/products?query=ian-pants-set"
"Jim Jeans","jim-jeans","LIGHT BLUE / 30","11240710930",99.00,7,7,3,43,"https://admin.shopify.com/store/30e7d3/products?query=jim-jeans"
"Jim Jeans","jim-jeans","LIGHT BLUE / 32","11240710932",99.00,7,7,3,43,"https://admin.shopify.com/store/30e7d3/products?query=jim-jeans"
"Jim Jeans","jim-jeans","LIGHT BLUE / 34","11240710934",99.00,7,7,3,43,"https://admin.shopify.com/store/30e7d3/products?query=jim-jeans"
"Mark Jeans","mark-jeans","BLACK / 33","12220730733",98.00,45,7,3,43,"https://admin.shopify.com/store/30e7d3/products?query=mark-jeans"
"Mark Jeans","mark-jeans","BLACK / 34","12220730734",98.00,45,7,3,43,"https://admin.shopify.com/store/30e7d3/products?query=mark-jeans"
"Mark Jeans","mark-jeans","BLACK / 36","12220730736",98.00,45,7,3,43,"https://admin.shopify.com/store/30e7d3/products?query=mark-jeans"
"Micah Denim Shorts","micah-denim-shorts","WHITE STONE / 30","11233101130",67.00,8,7,3,43,"https://admin.shopify.com/store/30e7d3/products?query=micah-denim-shorts"
"Micah Denim Shorts","micah-denim-shorts","WHITE STONE / 36","11233101136",67.00,8,7,3,43,"https://admin.shopify.com/store/30e7d3/products?query=micah-denim-shorts"
"Micah Denim Shorts","micah-denim-shorts","WHITE STONE / 38","11233101138",67.00,8,7,3,43,"https://admin.shopify.com/store/30e7d3/products?query=micah-denim-shorts"
"Otto Denim Shorts","otto-denim-shorts","BLUE / 33","C111113470233",58.00,28,7,3,43,"https://admin.shopify.com/store/30e7d3/products?query=otto-denim-shorts"
"Otto Denim Shorts","otto-denim-shorts","BLUE / 34","C111113470234",58.00,28,7,3,43,"https://admin.shopify.com/store/30e7d3/products?query=otto-denim-shorts"
"Otto Denim Shorts","otto-denim-shorts","BLUE / 36","C111113470236",58.00,28,7,3,43,"https://admin.shopify.com/store/30e7d3/products?query=otto-denim-shorts"
"Jeans Sneakers","jeans-sneakers","BLACK WASHED / 40","C21631633C740",52.00,9,12,5,42,"https://admin.shopify.com/store/30e7d3/products?query=jeans-sneakers"
"Jeans Sneakers","jeans-sneakers","BLACK WASHED / 41","C21631633C741",52.00,9,12,5,42,"https://admin.shopify.com/store/30e7d3/products?query=jeans-sneakers"
"Jeans Sneakers","jeans-sneakers","BLACK WASHED / 42","C21631633C742",52.00,9,12,5,42,"https://admin.shopify.com/store/30e7d3/products?query=jeans-sneakers"
"Jeans Sneakers","jeans-sneakers","BLACK WASHED / 43","C21631633C743",52.00,9,12,5,42,"https://admin.shopify.com/store/30e7d3/products?query=jeans-sneakers"
"Jeans Sneakers","jeans-sneakers","JEANS WASHED / 40","C21631633C640",52.00,9,12,5,42,"https://admin.shopify.com/store/30e7d3/products?query=jeans-sneakers"
"Leyla Crop Top","leyla-crop-top","BLACK / 36","C125214250736",35.00,27,12,5,42,"https://admin.shopify.com/store/30e7d3/products?query=leyla-crop-top"
"Leyla Crop Top","leyla-crop-top","BLACK / 38","C125214250738",35.00,27,12,5,42,"https://admin.shopify.com/store/30e7d3/products?query=leyla-crop-top"
"Leyla Crop Top","leyla-crop-top","CREAM / 36","C125214251136",35.00,27,12,5,42,"https://admin.shopify.com/store/30e7d3/products?query=leyla-crop-top"
"Leyla Crop Top","leyla-crop-top","CREAM / 38","C125214251138",35.00,27,12,5,42,"https://admin.shopify.com/store/30e7d3/products?query=leyla-crop-top"
"Leyla Crop Top","leyla-crop-top","TEAL / 36","C125214250336",35.00,27,12,5,42,"https://admin.shopify.com/store/30e7d3/products?query=leyla-crop-top"
"Spyder Hoodie","spyder-hoodie","BROWN / S","122221105S",72.00,15,12,5,42,"https://admin.shopify.com/store/30e7d3/products?query=spyder-hoodie"
"Spyder Hoodie","spyder-hoodie","GREY / S","122221104S",72.00,15,12,5,42,"https://admin.shopify.com/store/30e7d3/products?query=spyder-hoodie"
"Spyder Hoodie","spyder-hoodie","GREY / L","122221104L",72.00,15,12,5,42,"https://admin.shopify.com/store/30e7d3/products?query=spyder-hoodie"
"Spyder Hoodie","spyder-hoodie","TURQUOISE / L","122221112L",72.00,15,12,5,42,"https://admin.shopify.com/store/30e7d3/products?query=spyder-hoodie"
"Spyder Hoodie","spyder-hoodie","TURQUOISE / S","122221112S",72.00,15,12,5,42,"https://admin.shopify.com/store/30e7d3/products?query=spyder-hoodie"
"Drake Shirt","drake-shirt","BLACK / S","112470307S",69.00,16,10,4,40,"https://admin.shopify.com/store/30e7d3/products?query=drake-shirt"
"Drake Shirt","drake-shirt","BLACK / M","112470307M",69.00,16,10,4,40,"https://admin.shopify.com/store/30e7d3/products?query=drake-shirt"
"Drake Shirt","drake-shirt","WHITE / L","112470311L",69.00,16,10,4,40,"https://admin.shopify.com/store/30e7d3/products?query=drake-shirt"
"Drake Shirt","drake-shirt","WHITE / XXL","112470311XXL",69.00,16,10,4,40,"https://admin.shopify.com/store/30e7d3/products?query=drake-shirt"
"Melvin Cargo Pants","melvin-cargo-pants","STONE / M","122380648M",80.00,12,5,2,40,"https://admin.shopify.com/store/30e7d3/products?query=melvin-cargo-pants"
"Melvin Cargo Pants","melvin-cargo-pants","STONE / XL","122380648XL",80.00,12,5,2,40,"https://admin.shopify.com/store/30e7d3/products?query=melvin-cargo-pants"
"Men Swim Bottom I","men-swim-bottom-i","BLACK / S","C111719390701",39.00,9,5,2,40,"https://admin.shopify.com/store/30e7d3/products?query=men-swim-bottom-i"
"Men Swim Bottom I","men-swim-bottom-i","BLACK / XXL","C111719390705",39.00,9,5,2,40,"https://admin.shopify.com/store/30e7d3/products?query=men-swim-bottom-i"
"Roy Puffer Vest","roy-puffer-vest","BEIGE / M","122223535M",90.00,5,5,2,40,"https://admin.shopify.com/store/30e7d3/products?query=roy-puffer-vest"
"Roy Puffer Vest","roy-puffer-vest","BEIGE / XXL","122223535XXL",90.00,5,5,2,40,"https://admin.shopify.com/store/30e7d3/products?query=roy-puffer-vest"
"Jairo Jeans","jairo-jeans","BLUE WASHED / 34","C11171064C234",95.00,8,8,3,38,"https://admin.shopify.com/store/30e7d3/products?query=jairo-jeans"
"Jairo Jeans","jairo-jeans","BLUE WASHED / 36","C11171064C236",95.00,8,8,3,38,"https://admin.shopify.com/store/30e7d3/products?query=jairo-jeans"
"Jairo Jeans","jairo-jeans","BLUE WASHED / 38","C11171064C238",95.00,8,8,3,38,"https://admin.shopify.com/store/30e7d3/products?query=jairo-jeans"
"Mara Crop Tank","mara-crop-tank","BEIGE / XS","C125214043500",40.00,16,8,3,38,"https://admin.shopify.com/store/30e7d3/products?query=mara-crop-tank"
"Mara Crop Tank","mara-crop-tank","BEIGE / S","C125214043501",40.00,16,8,3,38,"https://admin.shopify.com/store/30e7d3/products?query=mara-crop-tank"
"Mara Crop Tank","mara-crop-tank","BEIGE / M","C125214043502",40.00,16,8,3,38,"https://admin.shopify.com/store/30e7d3/products?query=mara-crop-tank"
"Bailey Crop Tank","bailey-crop-tank","WHITE / L","C125414191103",21.00,70,21,7,33,"https://admin.shopify.com/store/30e7d3/products?query=bailey-crop-tank"
"Bailey Crop Tank","bailey-crop-tank","BLACK / L","C125414190703",21.00,70,21,7,33,"https://admin.shopify.com/store/30e7d3/products?query=bailey-crop-tank"
"Bailey Crop Tank","bailey-crop-tank","STONE / M","C125414194802",21.00,70,21,7,33,"https://admin.shopify.com/store/30e7d3/products?query=bailey-crop-tank"
"Bailey Crop Tank","bailey-crop-tank","BLACK / M","C125414190702",21.00,70,21,7,33,"https://admin.shopify.com/store/30e7d3/products?query=bailey-crop-tank"
"Bailey Crop Tank","bailey-crop-tank","WHITE / M","C125414191102",21.00,70,21,7,33,"https://admin.shopify.com/store/30e7d3/products?query=bailey-crop-tank"
"Bailey Crop Tank","bailey-crop-tank","BLACK / S","C125414190701",21.00,70,21,7,33,"https://admin.shopify.com/store/30e7d3/products?query=bailey-crop-tank"
"Bailey Crop Tank","bailey-crop-tank","WHITE / S","C125414191101",21.00,70,21,7,33,"https://admin.shopify.com/store/30e7d3/products?query=bailey-crop-tank"
"Element Shirt","element-shirt","BEIGE / L","122220335L",68.00,157,18,6,33,"https://admin.shopify.com/store/30e7d3/products?query=element-shirt"
"Element Shirt","element-shirt","BEIGE / M","122220335M",68.00,157,18,6,33,"https://admin.shopify.com/store/30e7d3/products?query=element-shirt"
"Element Shirt","element-shirt","BEIGE / S","122220335S",68.00,157,18,6,33,"https://admin.shopify.com/store/30e7d3/products?query=element-shirt"
"Element Shirt","element-shirt","BEIGE / XL","122220335XL",68.00,157,18,6,33,"https://admin.shopify.com/store/30e7d3/products?query=element-shirt"
"Element Shirt","element-shirt","BEIGE / XXL","122220335XXL",68.00,157,18,6,33,"https://admin.shopify.com/store/30e7d3/products?query=element-shirt"
"Element Shirt","element-shirt","BEIGE / XXXL","122220335XXXL",68.00,157,18,6,33,"https://admin.shopify.com/store/30e7d3/products?query=element-shirt"
"Heartbit Shirt","heartbit-shirt","BEIGE / L","122222735L",68.00,242,18,6,33,"https://admin.shopify.com/store/30e7d3/products?query=heartbit-shirt"
"Heartbit Shirt","heartbit-shirt","BEIGE / M","122222735M",68.00,242,18,6,33,"https://admin.shopify.com/store/30e7d3/products?query=heartbit-shirt"
"Heartbit Shirt","heartbit-shirt","BEIGE / S","122222735S",68.00,242,18,6,33,"https://admin.shopify.com/store/30e7d3/products?query=heartbit-shirt"
"Heartbit Shirt","heartbit-shirt","BEIGE / XL","122222735XL",68.00,242,18,6,33,"https://admin.shopify.com/store/30e7d3/products?query=heartbit-shirt"
"Heartbit Shirt","heartbit-shirt","BEIGE / XXL","122222735XXL",68.00,242,18,6,33,"https://admin.shopify.com/store/30e7d3/products?query=heartbit-shirt"
"Heartbit Shirt","heartbit-shirt","BEIGE / XXXL","122222735XXXL",68.00,242,18,6,33,"https://admin.shopify.com/store/30e7d3/products?query=heartbit-shirt"
"Elodie Hoodie Set","elodie-hoodie-set","LILAC / S","C12542307B301",52.00,24,15,5,33,"https://admin.shopify.com/store/30e7d3/products?query=elodie-hoodie-set"
"Elodie Hoodie Set","elodie-hoodie-set","PINK / S","C125423050801",52.00,24,15,5,33,"https://admin.shopify.com/store/30e7d3/products?query=elodie-hoodie-set"
"Elodie Hoodie Set","elodie-hoodie-set","PINK / M","C125423050802",52.00,24,15,5,33,"https://admin.shopify.com/store/30e7d3/products?query=elodie-hoodie-set"
"Elodie Hoodie Set","elodie-hoodie-set","STONE / S","C125423054801",52.00,24,15,5,33,"https://admin.shopify.com/store/30e7d3/products?query=elodie-hoodie-set"
"Elodie Hoodie Set","elodie-hoodie-set","WHITE / S","C125423051101",52.00,24,15,5,33,"https://admin.shopify.com/store/30e7d3/products?query=elodie-hoodie-set"
"Queen Sneakers","queen-sneakers","BLACK / 36","C126116010736",65.00,28,15,5,33,"https://admin.shopify.com/store/30e7d3/products?query=queen-sneakers"
"Queen Sneakers","queen-sneakers","BLACK / 37","C126116010737",65.00,28,15,5,33,"https://admin.shopify.com/store/30e7d3/products?query=queen-sneakers"
"Queen Sneakers","queen-sneakers","BLACK / 40","C126116010740",65.00,28,15,5,33,"https://admin.shopify.com/store/30e7d3/products?query=queen-sneakers"
"Queen Sneakers","queen-sneakers","WHITE / 36","C126116011136",65.00,28,15,5,33,"https://admin.shopify.com/store/30e7d3/products?query=queen-sneakers"
"Queen Sneakers","queen-sneakers","WHITE/BLACK / 40","C12611601B140",65.00,28,15,5,33,"https://admin.shopify.com/store/30e7d3/products?query=queen-sneakers"
"Jimmy Shoes","jimmy-shoes","BLACK / 40","C216316290740",60.00,24,12,4,33,"https://admin.shopify.com/store/30e7d3/products?query=jimmy-shoes"
"Jimmy Shoes","jimmy-shoes","BLACK / 41","C216316290741",60.00,24,12,4,33,"https://admin.shopify.com/store/30e7d3/products?query=jimmy-shoes"
"Jimmy Shoes","jimmy-shoes","BLACK / 45","C216316290745",60.00,24,12,4,33,"https://admin.shopify.com/store/30e7d3/products?query=jimmy-shoes"
"Jimmy Shoes","jimmy-shoes","WHITE / 41","C216316291141",60.00,24,12,4,33,"https://admin.shopify.com/store/30e7d3/products?query=jimmy-shoes"
"Caroline Dress","caroline-dress","WHITE / S","222210411S",86.00,48,6,2,33,"https://admin.shopify.com/store/30e7d3/products?query=caroline-dress"
"Caroline Dress","caroline-dress","BLACK / S","222210407S",86.00,48,6,2,33,"https://admin.shopify.com/store/30e7d3/products?query=caroline-dress"
"Natalie Bottom Set","natalie-bottom-set","PINK / S","212281208S",57.00,17,6,2,33,"https://admin.shopify.com/store/30e7d3/products?query=natalie-bottom-set"
"Natalie Bottom Set","natalie-bottom-set","WHITE / M","212281211M",57.00,17,6,2,33,"https://admin.shopify.com/store/30e7d3/products?query=natalie-bottom-set"
"Adalyn Sequin Dress","adalyn-sequin-dress","BLACK / S","C125311090701",88.00,5,3,1,33,"https://admin.shopify.com/store/30e7d3/products?query=adalyn-sequin-dress"
"Brave Tee","brave-tee","ACID WASHED / S","2123411H4S",35.00,8,3,1,33,"https://admin.shopify.com/store/30e7d3/products?query=brave-tee"
"Cindy Bodysuit","cindy-bodysuit","BLACK / S","212272307S",62.00,7,3,1,33,"https://admin.shopify.com/store/30e7d3/products?query=cindy-bodysuit"
"Eden Dress 2 Pieces","eden-dress-2-pieces","SILVER / S","222211055S",96.00,18,3,1,33,"https://admin.shopify.com/store/30e7d3/products?query=eden-dress-2-pieces"
"Eliza Dress","eliza-dress","COLORFUL / S","222210833S",78.00,29,3,1,33,"https://admin.shopify.com/store/30e7d3/products?query=eliza-dress"
"L.A Crop Top","l-a-crop-top","WHITE / S","212245911S",30.00,8,3,1,33,"https://admin.shopify.com/store/30e7d3/products?query=l-a-crop-top"
"Lily Pants Set","lily-pants-set","LIGHT GREY / S","222287086S",43.00,12,3,1,33,"https://admin.shopify.com/store/30e7d3/products?query=lily-pants-set"
"Love Tee","love-tee","ACID WASHED / L","2123428H4L",38.00,10,3,1,33,"https://admin.shopify.com/store/30e7d3/products?query=love-tee"
"Martha Dress","martha-dress","COLORFUL / L","212212703L",85.00,4,3,1,33,"https://admin.shopify.com/store/30e7d3/products?query=martha-dress"
"Nina Jacket Set","nina-jacket-set","CREAM / S","222221819S",65.00,3,3,1,33,"https://admin.shopify.com/store/30e7d3/products?query=nina-jacket-set"
"Queen Romper","queen-romper","BEIGE / M","212272235M",80.00,10,3,1,33,"https://admin.shopify.com/store/30e7d3/products?query=queen-romper"
"Renne Dress","renne-dress","BLACK / S","212211807S",72.00,3,3,1,33,"https://admin.shopify.com/store/30e7d3/products?query=renne-dress"
"River Bottom Set","river-bottom-set","BLACK / M","212251007M",41.00,4,3,1,33,"https://admin.shopify.com/store/30e7d3/products?query=river-bottom-set"
"Tyson Sweater","tyson-sweater","BLACK / L","122254307L",51.00,86,20,6,30,"https://admin.shopify.com/store/30e7d3/products?query=tyson-sweater"
"Tyson Sweater","tyson-sweater","BLACK / M","122254307M",51.00,86,20,6,30,"https://admin.shopify.com/store/30e7d3/products?query=tyson-sweater"
"Tyson Sweater","tyson-sweater","BLACK / S","122254307S",51.00,86,20,6,30,"https://admin.shopify.com/store/30e7d3/products?query=tyson-sweater"
"Tyson Sweater","tyson-sweater","BLACK / XL","122254307XL",51.00,86,20,6,30,"https://admin.shopify.com/store/30e7d3/products?query=tyson-sweater"
"Tyson Sweater","tyson-sweater","CREAM / S","122254319S",51.00,86,20,6,30,"https://admin.shopify.com/store/30e7d3/products?query=tyson-sweater"
"Tyson Sweater","tyson-sweater","CREAM / XL","122254319XL",51.00,86,20,6,30,"https://admin.shopify.com/store/30e7d3/products?query=tyson-sweater"
"Tiger Shirt","tiger-shirt","BLACK / S","112570107S",69.00,26,10,3,30,"https://admin.shopify.com/store/30e7d3/products?query=tiger-shirt"
"Tiger Shirt","tiger-shirt","BLACK / M","112570107M",69.00,26,10,3,30,"https://admin.shopify.com/store/30e7d3/products?query=tiger-shirt"
"Tiger Shirt","tiger-shirt","TEAL / M","1125701B7M",69.00,26,10,3,30,"https://admin.shopify.com/store/30e7d3/products?query=tiger-shirt"
"Don Jeans","don-jeans","GREY WASHED / 30","1125006C430",118.00,20,14,4,29,"https://admin.shopify.com/store/30e7d3/products?query=don-jeans"
"Don Jeans","don-jeans","GREY WASHED / 31","1125006C431",118.00,20,14,4,29,"https://admin.shopify.com/store/30e7d3/products?query=don-jeans"
"Don Jeans","don-jeans","LIGHT BLUE / 30","11250060930",118.00,20,14,4,29,"https://admin.shopify.com/store/30e7d3/products?query=don-jeans"
"Don Jeans","don-jeans","LIGHT BLUE / 32","11250060932",118.00,20,14,4,29,"https://admin.shopify.com/store/30e7d3/products?query=don-jeans"
"Beckham Jeans","beckham-jeans","BLUE WASHED / 34","1222067C234",108.00,31,7,2,29,"https://admin.shopify.com/store/30e7d3/products?query=beckham-jeans"
"Beckham Jeans","beckham-jeans","BLUE WASHED / 38","1222067C238",108.00,31,7,2,29,"https://admin.shopify.com/store/30e7d3/products?query=beckham-jeans"
"Enzi Jeans","enzi-jeans","BLACK WASHED / 33","1123005C733",104.00,21,7,2,29,"https://admin.shopify.com/store/30e7d3/products?query=enzi-jeans"
"Enzi Jeans","enzi-jeans","BLACK WASHED / 36","1123005C736",104.00,21,7,2,29,"https://admin.shopify.com/store/30e7d3/products?query=enzi-jeans"
"Paul Jeans","paul-jeans","BLACK / 34","12220740734",98.00,42,7,2,29,"https://admin.shopify.com/store/30e7d3/products?query=paul-jeans"
"Paul Jeans","paul-jeans","BLACK / 36","12220740736",98.00,42,7,2,29,"https://admin.shopify.com/store/30e7d3/products?query=paul-jeans"
"Zane Jeans","zane-jeans","BLACK WASHED / 34","1222071C734",98.00,22,7,2,29,"https://admin.shopify.com/store/30e7d3/products?query=zane-jeans"
"Zane Jeans","zane-jeans","BLACK WASHED / 36","1222071C736",98.00,22,7,2,29,"https://admin.shopify.com/store/30e7d3/products?query=zane-jeans"
"Game Over Tank","game-over-tank","BLACK / S","C111212440701",34.00,83,15,4,27,"https://admin.shopify.com/store/30e7d3/products?query=game-over-tank"
"Game Over Tank","game-over-tank","BLACK / M","C111212440702",34.00,83,15,4,27,"https://admin.shopify.com/store/30e7d3/products?query=game-over-tank"
"Game Over Tank","game-over-tank","BLACK / L","C111212440703",34.00,83,15,4,27,"https://admin.shopify.com/store/30e7d3/products?query=game-over-tank"
"Game Over Tank","game-over-tank","BLACK / XL","C111212440704",34.00,83,15,4,27,"https://admin.shopify.com/store/30e7d3/products?query=game-over-tank"
"Social T-Shirt","social-t-shirt","BLACK / S","C111214080701",40.00,67,15,4,27,"https://admin.shopify.com/store/30e7d3/products?query=social-t-shirt"
"Social T-Shirt","social-t-shirt","BLACK / M","C111214080702",40.00,67,15,4,27,"https://admin.shopify.com/store/30e7d3/products?query=social-t-shirt"
"Social T-Shirt","social-t-shirt","RED / M","C111214080102",40.00,67,15,4,27,"https://admin.shopify.com/store/30e7d3/products?query=social-t-shirt"
"Social T-Shirt","social-t-shirt","WHITE / S","C111214081101",40.00,67,15,4,27,"https://admin.shopify.com/store/30e7d3/products?query=social-t-shirt"
"Maci Legging","maci-legging","BLACK / 36","C125218010736",46.00,87,16,4,25,"https://admin.shopify.com/store/30e7d3/products?query=maci-legging"
"Maci Legging","maci-legging","BLACK / 38","C125218010738",46.00,87,16,4,25,"https://admin.shopify.com/store/30e7d3/products?query=maci-legging"
"Maci Legging","maci-legging","BLACK / 40","C125218010740",46.00,87,16,4,25,"https://admin.shopify.com/store/30e7d3/products?query=maci-legging"
"Maci Legging","maci-legging","BLACK / 42","C125218010742",46.00,87,16,4,25,"https://admin.shopify.com/store/30e7d3/products?query=maci-legging"
"Ian Hoodie Set","ian-hoodie-set","ARMY / L","122223272L",72.00,22,12,3,25,"https://admin.shopify.com/store/30e7d3/products?query=ian-hoodie-set"
"Ian Hoodie Set","ian-hoodie-set","BROWN / S","122223205S",72.00,22,12,3,25,"https://admin.shopify.com/store/30e7d3/products?query=ian-hoodie-set"
"Ian Hoodie Set","ian-hoodie-set","BROWN / L","122223205L",72.00,22,12,3,25,"https://admin.shopify.com/store/30e7d3/products?query=ian-hoodie-set"
"Shoes AH","shoes-ah","BLACK / 40","C216316320740",88.00,15,12,3,25,"https://admin.shopify.com/store/30e7d3/products?query=shoes-ah"
"Shoes AH","shoes-ah","BLACK / 41","C216316320741",88.00,15,12,3,25,"https://admin.shopify.com/store/30e7d3/products?query=shoes-ah"
"Shoes AH","shoes-ah","WHITE / 41","C216316321141",88.00,15,12,3,25,"https://admin.shopify.com/store/30e7d3/products?query=shoes-ah"
"Chaos Pants Set","chaos-pants-set","BLACK / S","122281707S",69.00,33,8,2,25,"https://admin.shopify.com/store/30e7d3/products?query=chaos-pants-set"
"Chaos Pants Set","chaos-pants-set","BLACK / L","122281707L",69.00,33,8,2,25,"https://admin.shopify.com/store/30e7d3/products?query=chaos-pants-set"
"Finnley Jeans","finnley-jeans","BLUE / 30","C111710680230",96.00,11,8,2,25,"https://admin.shopify.com/store/30e7d3/products?query=finnley-jeans"
"Finnley Jeans","finnley-jeans","BLUE / 34","C111710680234",96.00,11,8,2,25,"https://admin.shopify.com/store/30e7d3/products?query=finnley-jeans"
"Kent Pants","kent-pants","BLACK / S","122283707S",92.00,18,8,2,25,"https://admin.shopify.com/store/30e7d3/products?query=kent-pants"
"Kent Pants","kent-pants","LIGHT GREY / XL","122283786XL",92.00,18,8,2,25,"https://admin.shopify.com/store/30e7d3/products?query=kent-pants"
"Lucas Shirt","lucas-shirt","BLACK / S","122240907S",57.00,20,8,2,25,"https://admin.shopify.com/store/30e7d3/products?query=lucas-shirt"
"Lucas Shirt","lucas-shirt","WHITE / S","122240911S",57.00,20,8,2,25,"https://admin.shopify.com/store/30e7d3/products?query=lucas-shirt"
"Sean Pants","sean-pants","CREAM / S","112382619S",84.00,26,8,2,25,"https://admin.shopify.com/store/30e7d3/products?query=sean-pants"
"Sean Pants","sean-pants","CREAM / L","112382619L",84.00,26,8,2,25,"https://admin.shopify.com/store/30e7d3/products?query=sean-pants"
"Stevie Crop Top","stevie-crop-top","BLUE / XS","C125223190200",43.00,20,8,2,25,"https://admin.shopify.com/store/30e7d3/products?query=stevie-crop-top"
"Stevie Crop Top","stevie-crop-top","WHITE / XS","C125223191100",43.00,20,8,2,25,"https://admin.shopify.com/store/30e7d3/products?query=stevie-crop-top"
"Vera Blazer","vera-blazer","BLUE / 36","C125212110236",79.00,21,8,2,25,"https://admin.shopify.com/store/30e7d3/products?query=vera-blazer"
"Vera Blazer","vera-blazer","GREEN / 38","C125212110438",79.00,21,8,2,25,"https://admin.shopify.com/store/30e7d3/products?query=vera-blazer"
"Verona Tee","verona-tee","UNBLEACHED / 10","2122495G110",30.00,19,8,2,25,"https://admin.shopify.com/store/30e7d3/products?query=verona-tee"
"Verona Tee","verona-tee","WILD MUSHROOM / 10","2122495F910",30.00,19,8,2,25,"https://admin.shopify.com/store/30e7d3/products?query=verona-tee"
"Benjamin Pants","benjamin-pants","BLACK / S","122280607S",95.00,36,4,1,25,"https://admin.shopify.com/store/30e7d3/products?query=benjamin-pants"
"Cadence Dress","cadence-dress","BLACK / L","C125811060703",102.00,14,4,1,25,"https://admin.shopify.com/store/30e7d3/products?query=cadence-dress"
"Carly Chain Shorts","carly-chain-shorts","BLACK / S","C125213330701",43.00,8,4,1,25,"https://admin.shopify.com/store/30e7d3/products?query=carly-chain-shorts"
"Eric Hoodie Set","eric-hoodie-set","WHITE / S","122222611S",71.00,12,4,1,25,"https://admin.shopify.com/store/30e7d3/products?query=eric-hoodie-set"
"Kimber Denim Skirt","kimber-denim-skirt","BLACK / L","C121715210703",63.00,22,4,1,25,"https://admin.shopify.com/store/30e7d3/products?query=kimber-denim-skirt"
"Live The Moment Pants","live-the-moment-pants","BLACK / XL","122281507XL",65.00,23,4,1,25,"https://admin.shopify.com/store/30e7d3/products?query=live-the-moment-pants"
"Love Hoodie","love-hoodie","BLACK / S","122221407S",73.00,19,4,1,25,"https://admin.shopify.com/store/30e7d3/products?query=love-hoodie"
"Peace T-Shirt","peace-t-shirt","WHITE / XL","112540111XL",55.00,7,4,1,25,"https://admin.shopify.com/store/30e7d3/products?query=peace-t-shirt"
"Popit Shirt","popit-shirt","GREY / XL","112241904XL",52.00,18,4,1,25,"https://admin.shopify.com/store/30e7d3/products?query=popit-shirt"
"Remi Bodysuit Set","remi-bodysuit-set","SALMON / S","2222777E7S",39.00,15,4,1,25,"https://admin.shopify.com/store/30e7d3/products?query=remi-bodysuit-set"
"Remi Jacket Set","remi-jacket-set","SALMON / XL","2222277E7XL",61.00,5,4,1,25,"https://admin.shopify.com/store/30e7d3/products?query=remi-jacket-set"
"Rostory Hoodie Set","rostory-hoodie-set","LIGHT GREY / S","122222886S",71.00,16,4,1,25,"https://admin.shopify.com/store/30e7d3/products?query=rostory-hoodie-set"
"Rostory Pants Set","rostory-pants-set","LIGHT GREY / S","122282986S",72.00,13,4,1,25,"https://admin.shopify.com/store/30e7d3/products?query=rostory-pants-set"
"Smiley Hoodie","smiley-hoodie","WHITE / S","122221811S",75.00,11,4,1,25,"https://admin.shopify.com/store/30e7d3/products?query=smiley-hoodie"
"Stud Hoodie","stud-hoodie","BLACK / S","122222107S",68.00,13,4,1,25,"https://admin.shopify.com/store/30e7d3/products?query=stud-hoodie"
"Teresa Jeans","teresa-jeans","BLUE WASHED / S","C12171016C201",76.00,8,4,1,25,"https://admin.shopify.com/store/30e7d3/products?query=teresa-jeans"
"Tobias Pants","tobias-pants","BLACK / S","122287607S",80.00,23,4,1,25,"https://admin.shopify.com/store/30e7d3/products?query=tobias-pants"
"Colin Evening Pants","colin-evening-pants","BLACK / 29","12228750729",98.00,205,35,8,23,"https://admin.shopify.com/store/30e7d3/products?query=colin-evening-pants"
"Colin Evening Pants","colin-evening-pants","BLACK / 33","12228750733",98.00,205,35,8,23,"https://admin.shopify.com/store/30e7d3/products?query=colin-evening-pants"
"Colin Evening Pants","colin-evening-pants","LIGHT GREY / 29","12228758629",98.00,205,35,8,23,"https://admin.shopify.com/store/30e7d3/products?query=colin-evening-pants"
"Colin Evening Pants","colin-evening-pants","LIGHT GREY / 32","12228758632",98.00,205,35,8,23,"https://admin.shopify.com/store/30e7d3/products?query=colin-evening-pants"
"Colin Evening Pants","colin-evening-pants","LIGHT GREY / 33","12228758633",98.00,205,35,8,23,"https://admin.shopify.com/store/30e7d3/products?query=colin-evening-pants"
"Colin Evening Pants","colin-evening-pants","STONE / 29","12228754829",98.00,205,35,8,23,"https://admin.shopify.com/store/30e7d3/products?query=colin-evening-pants"
"Colin Evening Pants","colin-evening-pants","STONE / 36","12228754836",98.00,205,35,8,23,"https://admin.shopify.com/store/30e7d3/products?query=colin-evening-pants"
"Colin Evening Pants","colin-evening-pants","LIGHT GREY / 34","12228758634",98.00,205,35,8,23,"https://admin.shopify.com/store/30e7d3/products?query=colin-evening-pants"
"Ryan Polo Shirt","ryan-polo-shirt","PEACH / XXL","C111212421505",41.00,238,40,9,23,"https://admin.shopify.com/store/30e7d3/products?query=ryan-polo-shirt"
"Ryan Polo Shirt","ryan-polo-shirt","BLACK / L","C111212420703",41.00,238,40,9,23,"https://admin.shopify.com/store/30e7d3/products?query=ryan-polo-shirt"
"Ryan Polo Shirt","ryan-polo-shirt","PEACH / M","C111212421502",41.00,238,40,9,23,"https://admin.shopify.com/store/30e7d3/products?query=ryan-polo-shirt"
"Ryan Polo Shirt","ryan-polo-shirt","BLACK / M","C111212420702",41.00,238,40,9,23,"https://admin.shopify.com/store/30e7d3/products?query=ryan-polo-shirt"
"Ryan Polo Shirt","ryan-polo-shirt","BLACK / S","C111212420701",41.00,238,40,9,23,"https://admin.shopify.com/store/30e7d3/products?query=ryan-polo-shirt"
"Ryan Polo Shirt","ryan-polo-shirt","WHITE / S","C111212421101",41.00,238,40,9,23,"https://admin.shopify.com/store/30e7d3/products?query=ryan-polo-shirt"
"Ryan Polo Shirt","ryan-polo-shirt","YELLOW / S","C111212421001",41.00,238,40,9,23,"https://admin.shopify.com/store/30e7d3/products?query=ryan-polo-shirt"
"Ryan Polo Shirt","ryan-polo-shirt","BLACK / XL","C111212420704",41.00,238,40,9,23,"https://admin.shopify.com/store/30e7d3/products?query=ryan-polo-shirt"
"Ryan Polo Shirt","ryan-polo-shirt","BLACK / XXL","C111212420705",41.00,238,40,9,23,"https://admin.shopify.com/store/30e7d3/products?query=ryan-polo-shirt"
"Demi Ribbed Tank","demi-ribbed-tank","BLACK / L","C125114100703",29.00,22,9,2,22,"https://admin.shopify.com/store/30e7d3/products?query=demi-ribbed-tank"
"Demi Ribbed Tank","demi-ribbed-tank","WHITE / M","C125114101102",29.00,22,9,2,22,"https://admin.shopify.com/store/30e7d3/products?query=demi-ribbed-tank"
"Romeo Turtleneck Sweater","romeo-turtleneck-sweater","BLACK / S","122254207S",51.00,116,24,5,21,"https://admin.shopify.com/store/30e7d3/products?query=romeo-turtleneck-sweater"
"Romeo Turtleneck Sweater","romeo-turtleneck-sweater","BLACK / M","122254207M",51.00,116,24,5,21,"https://admin.shopify.com/store/30e7d3/products?query=romeo-turtleneck-sweater"
"Romeo Turtleneck Sweater","romeo-turtleneck-sweater","BLACK / L","122254207L",51.00,116,24,5,21,"https://admin.shopify.com/store/30e7d3/products?query=romeo-turtleneck-sweater"
"Romeo Turtleneck Sweater","romeo-turtleneck-sweater","CREAM / M","122254219M",51.00,116,24,5,21,"https://admin.shopify.com/store/30e7d3/products?query=romeo-turtleneck-sweater"
"Romeo Turtleneck Sweater","romeo-turtleneck-sweater","CREAM / XL","122254219XL",51.00,116,24,5,21,"https://admin.shopify.com/store/30e7d3/products?query=romeo-turtleneck-sweater"
"Good Things Tank","good-things-tank","BLACK / S","C111212460701",34.00,103,15,3,20,"https://admin.shopify.com/store/30e7d3/products?query=good-things-tank"
"Good Things Tank","good-things-tank","BLACK / M","C111212460702",34.00,103,15,3,20,"https://admin.shopify.com/store/30e7d3/products?query=good-things-tank"
"Good Things Tank","good-things-tank","BLACK / L","C111212460703",34.00,103,15,3,20,"https://admin.shopify.com/store/30e7d3/products?query=good-things-tank"
"Memories T-Shirt","memories-t-shirt","BLACK / S","C111214160701",40.00,121,10,2,20,"https://admin.shopify.com/store/30e7d3/products?query=memories-t-shirt"
"Memories T-Shirt","memories-t-shirt","WHITE / S","C111214161101",40.00,121,10,2,20,"https://admin.shopify.com/store/30e7d3/products?query=memories-t-shirt"
"Niko Swimsuit","niko-swimsuit","BLACK / S","C111719380701",39.00,73,10,2,20,"https://admin.shopify.com/store/30e7d3/products?query=niko-swimsuit"
"Niko Swimsuit","niko-swimsuit","BLACK / M","C111719380702",39.00,73,10,2,20,"https://admin.shopify.com/store/30e7d3/products?query=niko-swimsuit"
"Diamond Heels","diamond-heels","BLACK / 36","C126016100736",99.00,11,5,1,20,"https://admin.shopify.com/store/30e7d3/products?query=diamond-heels"
"Harvey Cargo Pants","harvey-cargo-pants","STONE / S","122380448S",80.00,25,5,1,20,"https://admin.shopify.com/store/30e7d3/products?query=harvey-cargo-pants"
"Kaiden Denim Shirt","kaiden-denim-shirt","BLACK WASHED / L","1222344C7L",88.00,16,5,1,20,"https://admin.shopify.com/store/30e7d3/products?query=kaiden-denim-shirt"
"Ryland Top Set","ryland-top-set","BLACK / S","112471407S",63.00,8,5,1,20,"https://admin.shopify.com/store/30e7d3/products?query=ryland-top-set"
"Skin Heels","skin-heels","BLACK / 39","C126016110739",72.00,11,5,1,20,"https://admin.shopify.com/store/30e7d3/products?query=skin-heels"
"Tom Denim Shirt","tom-denim-shirt","GREY WASHED / S","1222341C4S",85.00,18,5,1,20,"https://admin.shopify.com/store/30e7d3/products?query=tom-denim-shirt"
"Wayne Overall","wayne-overall","BLACK / 34","C111111630734",93.00,10,5,1,20,"https://admin.shopify.com/store/30e7d3/products?query=wayne-overall"
"Marne Tank Top","marne-tank-top","BLACK / 04","21224010704",30.00,60,16,3,19,"https://admin.shopify.com/store/30e7d3/products?query=marne-tank-top"
"Marne Tank Top","marne-tank-top","LAVENDER / 04","2122401G404",30.00,60,16,3,19,"https://admin.shopify.com/store/30e7d3/products?query=marne-tank-top"
"Marne Tank Top","marne-tank-top","UNBLEACHED / 04","2122401G104",30.00,60,16,3,19,"https://admin.shopify.com/store/30e7d3/products?query=marne-tank-top"
"Aleena Knot T-Shirt","aleena-knot-t-shirt","ARMY / S","C125214177201",26.00,32,12,2,17,"https://admin.shopify.com/store/30e7d3/products?query=aleena-knot-t-shirt"
"Aleena Knot T-Shirt","aleena-knot-t-shirt","ARMY / L","C125214177203",26.00,32,12,2,17,"https://admin.shopify.com/store/30e7d3/products?query=aleena-knot-t-shirt"
"Camille Double Pleated Trouser","camille-double-pleated-trouser","BLACK / 36","C125118020736",74.00,60,12,2,17,"https://admin.shopify.com/store/30e7d3/products?query=camille-double-pleated-trouser"
"Camille Double Pleated Trouser","camille-double-pleated-trouser","BLACK / 42","C125118020742",74.00,60,12,2,17,"https://admin.shopify.com/store/30e7d3/products?query=camille-double-pleated-trouser"
"Cursive Sneakers","cursive-sneakers","WHITE BLACK / 41","C21631634E741",50.00,37,12,2,17,"https://admin.shopify.com/store/30e7d3/products?query=cursive-sneakers"
"Cursive Sneakers","cursive-sneakers","WHITE BLACK / 42","C21631634E742",50.00,37,12,2,17,"https://admin.shopify.com/store/30e7d3/products?query=cursive-sneakers"
"Game T-Shirt","game-t-shirt","BLACK / S","112544707S",56.00,42,12,2,17,"https://admin.shopify.com/store/30e7d3/products?query=game-t-shirt"
"Game T-Shirt","game-t-shirt","GREY / XL","112544704XL",56.00,42,12,2,17,"https://admin.shopify.com/store/30e7d3/products?query=game-t-shirt"
"Off Sneakers","off-sneakers","WHITE / 41","C216316371141",65.00,25,12,2,17,"https://admin.shopify.com/store/30e7d3/products?query=off-sneakers"
"Off Sneakers","off-sneakers","WHITE / 42","C216316371142",65.00,25,12,2,17,"https://admin.shopify.com/store/30e7d3/products?query=off-sneakers"
"Ribbed Tie","ribbed-tie","OPTIC WHITE / 04","2122487G604",30.00,29,12,2,17,"https://admin.shopify.com/store/30e7d3/products?query=ribbed-tie"
"Ribbed Tie","ribbed-tie","SILVER GREEN / 04","2122487G704",30.00,29,12,2,17,"https://admin.shopify.com/store/30e7d3/products?query=ribbed-tie"
"Amanda Dress","amanda-dress","SILVER / S","212211555S",84.00,17,6,1,17,"https://admin.shopify.com/store/30e7d3/products?query=amanda-dress"
"Ari Top","ari-top","WHITE / L","222235011L",48.00,28,6,1,17,"https://admin.shopify.com/store/30e7d3/products?query=ari-top"
"Blakely Jeans","blakely-jeans","BLACK / 31","C125210390731",76.70,26,6,1,17,"https://admin.shopify.com/store/30e7d3/products?query=blakely-jeans"
"Callie Ruched Mini Dress","callie-ruched-mini-dress","BLACK / S","C125411180701",44.00,20,6,1,17,"https://admin.shopify.com/store/30e7d3/products?query=callie-ruched-mini-dress"
"Gem Romper","gem-romper","CREAM / S","222276919S",100.00,13,6,1,17,"https://admin.shopify.com/store/30e7d3/products?query=gem-romper"
"Kiara Hoodie","kiara-hoodie","BROWN / S","222231404S",60.00,22,6,1,17,"https://admin.shopify.com/store/30e7d3/products?query=kiara-hoodie"
"Nia Knit Cami","nia-knit-cami","GREEN / S","C125214230301",38.00,24,6,1,17,"https://admin.shopify.com/store/30e7d3/products?query=nia-knit-cami"
"Joel Jeans","joel-jeans","BLUE / 30","11240720230",99.00,13,7,1,14,"https://admin.shopify.com/store/30e7d3/products?query=joel-jeans"
"Loagan Denim Shorts","loagan-denim-shorts","BLUE WASHED / 38","1123302C238",65.00,13,7,1,14,"https://admin.shopify.com/store/30e7d3/products?query=loagan-denim-shorts"
"Owen Denim Shorts","owen-denim-shorts","BLUE / 38","11233010238",65.00,23,7,1,14,"https://admin.shopify.com/store/30e7d3/products?query=owen-denim-shorts"
"OZ Jeans","oz-jeans","WHITE / 33","11230011133",104.00,34,7,1,14,"https://admin.shopify.com/store/30e7d3/products?query=oz-jeans"
"Tristan Jeans","tristan-jeans","BLUE WASHED / 30","1222066C230",98.00,57,7,1,14,"https://admin.shopify.com/store/30e7d3/products?query=tristan-jeans"
"Storm Shirt","storm-shirt","BLACK / M","112570307M",69.00,39,15,2,13,"https://admin.shopify.com/store/30e7d3/products?query=storm-shirt"
"Storm Shirt","storm-shirt","BLACK / L","112570307L",69.00,39,15,2,13,"https://admin.shopify.com/store/30e7d3/products?query=storm-shirt"
"Ace Jeans","ace-jeans","WHITE / 36","C111710801136",114.00,20,8,1,13,"https://admin.shopify.com/store/30e7d3/products?query=ace-jeans"
"Camryn Pant","camryn-pant","WHITE / 36","C125218151136",59.00,56,8,1,13,"https://admin.shopify.com/store/30e7d3/products?query=camryn-pant"
"Enjoy Life Hoodie","enjoy-life-hoodie","BEIGE / S","122222335S",72.00,51,8,1,13,"https://admin.shopify.com/store/30e7d3/products?query=enjoy-life-hoodie"
"Kase Jeans","kase-jeans","BLUE WASHED / 29","C11171062C229",94.00,19,8,1,13,"https://admin.shopify.com/store/30e7d3/products?query=kase-jeans"
"Liany Romper","liany-romper","ARMY / 36","C125217227236",73.00,42,8,1,13,"https://admin.shopify.com/store/30e7d3/products?query=liany-romper"
"Luka Jeans","luka-jeans","WHITE / 33","C111710611133",114.00,41,8,1,13,"https://admin.shopify.com/store/30e7d3/products?query=luka-jeans"
"Soren Jeans","soren-jeans","BLACK WASHED / 36","C11171084C736",114.00,16,8,1,13,"https://admin.shopify.com/store/30e7d3/products?query=soren-jeans"
"Stone Jeans","stone-jeans","DARK GREY / 29","C111710832629",96.00,21,8,1,13,"https://admin.shopify.com/store/30e7d3/products?query=stone-jeans"
"Thank You Hoodie Set","thank-you-hoodie-set","BLACK / S","122222407S",77.00,50,8,1,13,"https://admin.shopify.com/store/30e7d3/products?query=thank-you-hoodie-set"
"Damian Shirt","damian-shirt","BLACK / M","112442507M",46.00,28,10,1,10,"https://admin.shopify.com/store/30e7d3/products?query=damian-shirt"
"Gary Cargo Pants","gary-cargo-pants","STONE / XL","122380148XL",80.00,72,10,1,10,"https://admin.shopify.com/store/30e7d3/products?query=gary-cargo-pants"
"Philip Puffer Coat","philip-puffer-coat","CREAM / XL","122330219XL",154.00,112,10,1,10,"https://admin.shopify.com/store/30e7d3/products?query=philip-puffer-coat"
"Vincent Puffer Vest","vincent-puffer-vest","CREAM / XXL","122330719XXL",93.00,87,10,1,10,"https://admin.shopify.com/store/30e7d3/products?query=vincent-puffer-vest"
"Adrian Cargo Pants","adrian-cargo-pants","BLACK / XS","122380207XS",80.00,65,11,1,9,"https://admin.shopify.com/store/30e7d3/products?query=adrian-cargo-pants"
"Angels T-Shirt","angels-t-shirt","BLACK / XL","112544607XL",56.00,49,12,1,8,"https://admin.shopify.com/store/30e7d3/products?query=angels-t-shirt"
"Carbon Sneakers","carbon-sneakers","WHITE / 40","C216316361140",52.00,52,12,1,8,"https://admin.shopify.com/store/30e7d3/products?query=carbon-sneakers"
"Dreamin Top Set","dreamin-top-set","TEAL / S","1223202B7S",70.00,80,12,1,8,"https://admin.shopify.com/store/30e7d3/products?query=dreamin-top-set"
